DB_ID,SPELLID,NAME,ICON_NAME,GOLD,DUR,STACK,CD,CD_SHARE,TOOLTIP,SPECIAL,MIN_HEALTH,MAX_HEALTH,MIN_MANA,MAX_MANA,MIN_RAGE,MAX_RAGE,MIN_DAMAGE,MAX_DAMAGE,ARMOR,HEALTH,MANA,SPELL_DAMAGE,SPELL_HEAL,SPELL_FROST,SPELL_SHADOW,SPELL_FIRE,RESIST_FIRE,RESIST_SHADOW,RESIST_NATURE,RESIST_FROST,RESIST_ARCANE,STRENGTH,AGILITY,INTELLECT,SPIRIT,STAMINA,MOVESPEED,CRIT_PCT,MP5,ATTACK_POWER,SPELL_CRIT,ENERGY
13510,17626,Flask of the Titans,inv_potion_62,46.75,7200,1,0,0,"<table><tr><td><!--nstart--><b class=""q1"">Flask of the Titans</b><!--nend--><!--ndstart--><!--ndend--><span class=""q whtt-extra whtt-ilvl""><br>Item Level <!--ilvl-->60</span><!--bo--><!--ue--><!--ebstats--><!--egstats--><!--eistats--><!--nameDescStats--></td></tr></table><table><tr><td>Requires Level <!--rlvl-->50<br><!--useText:0:1--><span id=""useText1"" class=""q2"">Use: <!--useEffect:0:1--><a href=""/classic/spell=17626/flask-of-the-titans"" class=""q2"">Increases the player's maximum health by 1200 for 2 hrs. &nbsp;You can only have the effect of one flask at a time. &nbsp;This effect persists through death.</a> (3 Sec Cooldown)<!--useEffect:1--></span><!--useText:1--><!--itemEffects:1--><br><!--pvpEquip--><!--pvpEquip--><div class=""whtt-extra whtt-maxstack"">Max Stack: 5</div><div class=""whtt-sellprice"">Sell Price: <span class=""moneysilver"">50</span></div></td></tr></table>",,0,0,0,0,0,0,0,0,0,1200,0,0,0,0,0,0,0,0,0,0,0,0,0,0,0,0,0,0,0,0,0,0
13511,17627,Flask of Distilled Wisdom,inv_potion_97,42,7200,1,0,0,"<table><tr><td><!--nstart--><b class=""q1"">Flask of Distilled Wisdom</b><!--nend--><!--ndstart--><!--ndend--><span class=""q whtt-extra whtt-ilvl""><br>Item Level <!--ilvl-->60</span><!--bo--><!--ue--><!--ebstats--><!--egstats--><!--eistats--><!--nameDescStats--></td></tr></table><table><tr><td>Requires Level <!--rlvl-->50<br><!--useText:0:1--><span id=""useText1"" class=""q2"">Use: <!--useEffect:0:1--><a href=""/classic/spell=17627/distilled-wisdom"" class=""q2"">Increases the player's maximum mana by 2000 for 2 hrs. &nbsp;You can only have the effect of one flask at a time. &nbsp;This effect persists through death.</a> (3 Sec Cooldown)<!--useEffect:1--></span><!--useText:1--><!--itemEffects:1--><br><!--pvpEquip--><!--pvpEquip--><div class=""whtt-extra whtt-maxstack"">Max Stack: 5</div><div class=""whtt-sellprice"">Sell Price: <span class=""moneysilver"">50</span></div></td></tr></table>",,0,0,0,0,0,0,0,0,0,0,2000,0,0,0,0,0,0,0,0,0,0,0,0,0,0,0,0,0,0,0,0,0
13512,17628,Flask of Supreme Power,inv_potion_41,52.95,7200,1,0,0,"<table><tr><td><!--nstart--><b class=""q1"">Flask of Supreme Power</b><!--nend--><!--ndstart--><!--ndend--><span class=""q whtt-extra whtt-ilvl""><br>Item Level <!--ilvl-->60</span><!--bo--><!--ue--><!--ebstats--><!--egstats--><!--eistats--><!--nameDescStats--></td></tr></table><table><tr><td>Requires Level <!--rlvl-->50<br><!--useText:0:1--><span id=""useText1"" class=""q2"">Use: <!--useEffect:0:1--><a href=""/classic/spell=17628/supreme-power"" class=""q2"">Increases damage done by magical spells and effects by up to 150 for 2 hrs. &nbsp;You can only have the effect of one flask at a time. &nbsp;This effect persists through death.</a> (3 Sec Cooldown)<!--useEffect:1--></span><!--useText:1--><!--itemEffects:1--><br><!--pvpEquip--><!--pvpEquip--><div class=""whtt-extra whtt-maxstack"">Max Stack: 5</div><div class=""whtt-sellprice"">Sell Price: <span class=""moneysilver"">50</span></div></td></tr></table>",,0,0,0,0,0,0,0,0,0,0,0,150,0,0,0,0,0,0,0,0,0,0,0,0,0,0,0,0,0,0,0,0
13513,17629,Flask of Chromatic Resistance,inv_potion_48,55,7200,1,0,0,"<table><tr><td><!--nstart--><b class=""q1"">Flask of Chromatic Resistance</b><!--nend--><!--ndstart--><!--ndend--><span class=""q whtt-extra whtt-ilvl""><br>Item Level <!--ilvl-->60</span><!--bo--><!--ue--><!--ebstats--><!--egstats--><!--eistats--><!--nameDescStats--></td></tr></table><table><tr><td>Requires Level <!--rlvl-->50<br><!--useText:0:1--><span id=""useText1"" class=""q2"">Use: <!--useEffect:0:1--><a href=""/classic/spell=17629/chromatic-resistance"" class=""q2"">Increases your resistance to all schools of magic by 25 for 2 hrs. &nbsp;You can only have the effect of one flask at a time. &nbsp;This effect persists through death and stacks with all other resistance spells and items.</a> (3 Sec Cooldown)<!--useEffect:1--></span><!--useText:1--><!--itemEffects:1--><br><!--pvpEquip--><!--pvpEquip--><div class=""whtt-extra whtt-maxstack"">Max Stack: 5</div><div class=""whtt-sellprice"">Sell Price: <span class=""moneysilver"">50</span></div></td></tr></table>",,0,0,0,0,0,0,0,0,0,0,0,0,0,0,0,0,25,25,25,25,25,0,0,0,0,0,0,0,0,0,0,0
20079,24382,Spirit of Zanza,inv_potion_30,20,7200,2,0,0,"<table><tr><td><!--nstart--><b class=""q2"">Spirit of Zanza</b><!--nend--><!--ndstart--><!--ndend--><span class=""q whtt-extra whtt-ilvl""><br>Item Level <!--ilvl-->65</span><!--bo--><br>Binds when picked up<br>Unique<!--ebstats--><!--egstats--><!--eistats--><!--nameDescStats--></td></tr></table><table><tr><td>Requires Level <!--rlvl-->55<br><!--useText:0:1--><span id=""useText1"" class=""q2"">Use: <!--useEffect:0:1--><a href=""/classic/spell=24382/spirit-of-zanza"" class=""q2"">Increases the player's Spirit by 50 and Stamina by 50 for 2 hrs. &nbsp;You can only have the effect of one Zanza potion at a time.</a> (3 Sec Cooldown)<!--useEffect:1--></span><!--useText:1--><!--itemEffects:1--><br><span class=""q"">&quot;Blessed with the mojo of Zanza!&quot;</span><br><!--pvpEquip--><!--pvpEquip--></td></tr></table>",,0,0,0,0,0,0,0,0,0,0,0,0,0,0,0,0,0,0,0,0,0,0,0,0,50,50,0,0,0,0,0,0
20081,24383,Swiftness of Zanza,inv_potion_31,10,7200,2,0,0,"<table><tr><td><!--nstart--><b class=""q2"">Swiftness of Zanza</b><!--nend--><!--ndstart--><!--ndend--><span class=""q whtt-extra whtt-ilvl""><br>Item Level <!--ilvl-->65</span><!--bo--><br>Binds when picked up<br>Unique<!--ebstats--><!--egstats--><!--eistats--><!--nameDescStats--></td></tr></table><table><tr><td>Requires Level <!--rlvl-->55<br><!--useText:0:1--><span id=""useText1"" class=""q2"">Use: <!--useEffect:0:1--><a href=""/classic/spell=24383/swiftness-of-zanza"" class=""q2"">Increases the player's run speed by 20% for 2 hrs. &nbsp;You can only have the effect of one Zanza potion at a time.</a> (3 Sec Cooldown)<!--useEffect:1--></span><!--useText:1--><!--itemEffects:1--><br><span class=""q"">&quot;Blessed with the mojo of Zanza!&quot;</span><br><!--pvpEquip--><!--pvpEquip--></td></tr></table>",,0,0,0,0,0,0,0,0,0,0,0,0,0,0,0,0,0,0,0,0,0,0,0,0,0,0,20,0,0,0,0,0
8412,10669,Ground Scorpok Assay,inv_misc_dust_02,10,3600,3,0,0,"<table><tr><td><!--nstart--><b class=""q1"">Ground Scorpok Assay</b><!--nend--><!--ndstart--><!--ndend--><span class=""q whtt-extra whtt-ilvl""><br>Item Level <!--ilvl-->1</span><!--bo--><br>Binds when picked up<br>Unique<!--ebstats--><!--egstats--><!--eistats--><!--nameDescStats--></td></tr></table><table><tr><td><!--useText:0:1--><span id=""useText1"" class=""q2"">Use: <!--useEffect:0:1--><a href=""/classic/spell=10669/strike-of-the-scorpok"" class=""q2"">Increases Agility by 25 when consumed. Effect lasts for 60 minutes.</a> (1 Hour Cooldown)<!--useEffect:1--></span><!--useText:1--><!--itemEffects:1--><br><!--pvpEquip--><!--pvpEquip--></td></tr></table>",,0,0,0,0,0,0,0,0,0,0,0,0,0,0,0,0,0,0,0,0,0,0,25,0,0,0,0,0,0,0,0,0
8423,10692,Cerebral Cortex Compound,inv_potion_32,10,3600,3,0,0,"<table><tr><td><!--nstart--><b class=""q1"">Cerebral Cortex Compound</b><!--nend--><!--ndstart--><!--ndend--><span class=""q whtt-extra whtt-ilvl""><br>Item Level <!--ilvl-->1</span><!--bo--><br>Binds when picked up<br>Unique<!--ebstats--><!--egstats--><!--eistats--><!--nameDescStats--></td></tr></table><table><tr><td><!--useText:0:1--><span id=""useText1"" class=""q2"">Use: <!--useEffect:0:1--><a href=""/classic/spell=10692/infallible-mind"" class=""q2"">Increases Intellect by 25 when consumed. Effect lasts for 60 minutes.</a> (1 Hour Cooldown)<!--useEffect:1--></span><!--useText:1--><!--itemEffects:1--><br><span class=""q"">&quot;Best Served Chilled&quot;</span><br><!--pvpEquip--><!--pvpEquip--></td></tr></table>",,0,0,0,0,0,0,0,0,0,0,0,0,0,0,0,0,0,0,0,0,0,0,0,25,0,0,0,0,0,0,0,0
8424,10693,Gizzard Gum,inv_misc_food_30,10,3600,3,0,0,"<table><tr><td><!--nstart--><b class=""q1"">Gizzard Gum</b><!--nend--><!--ndstart--><!--ndend--><span class=""q whtt-extra whtt-ilvl""><br>Item Level <!--ilvl-->1</span><!--bo--><br>Binds when picked up<br>Unique<!--ebstats--><!--egstats--><!--eistats--><!--nameDescStats--></td></tr></table><table><tr><td><!--useText:0:1--><span id=""useText1"" class=""q2"">Use: <!--useEffect:0:1--><a href=""/classic/spell=10693/spiritual-domination"" class=""q2"">Increases Spirit by 25 when consumed. Effect lasts for 60 minutes.</a> (1 Hour Cooldown)<!--useEffect:1--></span><!--useText:1--><!--itemEffects:1--><br><span class=""q"">&quot;Strawberry Flavor&quot;</span><br><!--pvpEquip--><!--pvpEquip--></td></tr></table>",,0,0,0,0,0,0,0,0,0,0,0,0,0,0,0,0,0,0,0,0,0,0,0,0,25,0,0,0,0,0,0,0
8411,10668,Lung Juice Cocktail,inv_drink_12,10,3600,3,0,0,"<table><tr><td><!--nstart--><b class=""q1"">Lung Juice Cocktail</b><!--nend--><!--ndstart--><!--ndend--><span class=""q whtt-extra whtt-ilvl""><br>Item Level <!--ilvl-->1</span><!--bo--><br>Binds when picked up<br>Unique<!--ebstats--><!--egstats--><!--eistats--><!--nameDescStats--></td></tr></table><table><tr><td><!--useText:0:1--><span id=""useText1"" class=""q2"">Use: <!--useEffect:0:1--><a href=""/classic/spell=10668/spirit-of-boar"" class=""q2"">Increases Stamina by 25 when consumed. Effect lasts for 60 minutes.</a> (1 Hour Cooldown)<!--useEffect:1--></span><!--useText:1--><!--itemEffects:1--><br><span class=""q"">&quot;100% Grade A Lung Juice - Freshly Squeezed&quot;</span><br><!--pvpEquip--><!--pvpEquip--></td></tr></table>",,0,0,0,0,0,0,0,0,0,0,0,0,0,0,0,0,0,0,0,0,0,0,0,0,0,25,0,0,0,0,0,0
8410,10667,R.O.I.D.S,inv_stone_15,10,3600,3,0,0,"<table><tr><td><!--nstart--><b class=\""q1\"">R.O.I.D.S.<\/b><!--nend--><!--ndstart--><!--ndend--><span class=\""q whtt-extra whtt-ilvl\""><br>Item Level <!--ilvl-->1<\/span><!--bo--><br>Binds when picked up<br>Unique<!--ebstats--><!--egstats--><!--eistats--><!--nameDescStats--><\/td><\/tr><\/table><table><tr><td><!--useText:0:1--><span id=\""useText1\"" class=\""q2\"">Use: <!--useEffect:0:1--><a href=\""\/classic\/spell=10667\/rage-of-ages\"" class=\""q2\"">Increases Strength by 25 when consumed. Effect lasts for 60 minutes.<\/a> (1 Hour Cooldown)<!--useEffect:1--><\/span><!--useText:1--><!--itemEffects:1--><br><span class=\""q\"">&quot;Robust Operational Imbue Derived From Snickerfang&quot;<\/span><br><!--pvpEquip-→<!--pvpEquip-→<\/td><\/tr><\/table>",,0,0,0,0,0,0,0,0,0,0,0,0,0,0,0,0,0,0,0,0,0,25,0,0,0,0,0,0,0,0,0,0
13452,17538,Elixir of the Mongoose,inv_potion_32,0.84,3600,4,0,0,"<table><tr><td><!--nstart--><b class=""q1"">Elixir of the Mongoose</b><!--nend--><!--ndstart--><!--ndend--><span class=""q whtt-extra whtt-ilvl""><br>Item Level <!--ilvl-->56</span><!--bo--><!--ue--><!--ebstats--><!--egstats--><!--eistats--><!--nameDescStats--></td></tr></table><table><tr><td>Requires Level <!--rlvl-->46<br><!--useText:0:1--><span id=""useText1"" class=""q2"">Use: <!--useEffect:0:1--><a href=""/classic/spell=17538/elixir-of-the-mongoose"" class=""q2"">Increases Agility by 25 and chance to get a critical hit by 2% for 1 hour.</a> (3 Sec Cooldown)<!--useEffect:1--></span><!--useText:1--><!--itemEffects:1--><br><!--pvpEquip--><!--pvpEquip--><div class=""whtt-extra whtt-maxstack"">Max Stack: 5</div><div class=""whtt-sellprice"">Sell Price: <span class=""moneysilver"">12</span> <span class=""moneycopper"">50</span></div><div class=""whtt-extra whtt-droppedby"">Dropped by: Commander Eligor Dawnbringer</div></td></tr></table>",,0,0,0,0,0,0,0,0,0,0,0,0,0,0,0,0,0,0,0,0,0,0,25,0,0,0,0,2,0,0,0,0
9187,11334,Elixir of Greater Agility,inv_potion_94,0.14,3600,4,0,0,"<table><tr><td><!--nstart--><b class=""q1"">Elixir of Greater Agility</b><!--nend--><!--ndstart--><!--ndend--><span class=""q whtt-extra whtt-ilvl""><br>Item Level <!--ilvl-->48</span><!--bo--><!--ue--><!--ebstats--><!--egstats--><!--eistats--><!--nameDescStats--></td></tr></table><table><tr><td>Requires Level <!--rlvl-->38<br><!--useText:0:1--><span id=""useText1"" class=""q2"">Use: <!--useEffect:0:1--><a href=""/classic/spell=11334/greater-agility"" class=""q2"">Increases Agility by 25 for 1 hour.</a> (3 Sec Cooldown)<!--useEffect:1--></span><!--useText:1--><!--itemEffects:1--><br><!--pvpEquip--><!--pvpEquip--><div class=""whtt-extra whtt-maxstack"">Max Stack: 5</div><div class=""whtt-sellprice"">Sell Price: <span class=""moneysilver"">6</span></div><div class=""whtt-extra whtt-droppedby"">Dropped by: Batrider Pele'keiki</div></td></tr></table>",,0,0,0,0,0,0,0,0,0,0,0,0,0,0,0,0,0,0,0,0,0,0,25,0,0,0,0,0,0,0,0,0
20007,24363,Mageblood Potion,inv_potion_45,1.46,3600,12,0,0,"<table><tr><td><!--nstart--><b class=""q1"">Mageblood Potion</b><!--nend--><!--ndstart--><!--ndend--><span class=""q whtt-extra whtt-ilvl""><br>Item Level <!--ilvl-->50</span><!--bo--><!--ue--><!--ebstats--><!--egstats--><!--eistats--><!--nameDescStats--></td></tr></table><table><tr><td>Requires Level <!--rlvl-->40<br><!--useText:0:1--><span id=""useText1"" class=""q2"">Use: <!--useEffect:0:1--><a href=""/classic/spell=24363/mana-regeneration"" class=""q2"">Regenerate 12 mana per 5 sec for 1 hour.</a> (3 Sec Cooldown)<!--useEffect:1--></span><!--useText:1--><!--itemEffects:1--><br><!--pvpEquip--><!--pvpEquip--><div class=""whtt-extra whtt-maxstack"">Max Stack: 5</div><div class=""whtt-sellprice"">Sell Price: <span class=""moneysilver"">10</span></div></td></tr></table>",,0,0,0,0,0,0,0,0,0,0,0,0,0,0,0,0,0,0,0,0,0,0,0,0,0,0,0,0,12,0,0,0
3825,3593,Elixir of Fortitude,inv_potion_43,0.6,3600,13,0,0,"<table><tr><td><!--nstart--><b class=""q1"">Elixir of Fortitude</b><!--nend--><!--ndstart--><!--ndend--><span class=""q whtt-extra whtt-ilvl""><br>Item Level <!--ilvl-->35</span><!--bo--><!--ue--><!--ebstats--><!--egstats--><!--eistats--><!--nameDescStats--></td></tr></table><table><tr><td>Requires Level <!--rlvl-->25<br><!--useText:0:1--><span id=""useText1"" class=""q2"">Use: <!--useEffect:0:1--><a href=""/classic/spell=3593/health-ii"" class=""q2"">Increases the player's maximum health by 120 for 1 hour.</a> (3 Sec Cooldown)<!--useEffect:1--></span><!--useText:1--><!--itemEffects:1--><br><!--pvpEquip--><!--pvpEquip--><div class=""whtt-extra whtt-maxstack"">Max Stack: 5</div><div class=""whtt-sellprice"">Sell Price: <span class=""moneysilver"">1</span> <span class=""moneycopper"">10</span></div></td></tr></table>",,0,0,0,0,0,0,0,0,0,120,0,0,0,0,0,0,0,0,0,0,0,0,0,0,0,0,0,0,0,0,0,0
13445,11348,Elixir of Superior Defense,inv_potion_66,1.47,3600,5,0,0,"<table><tr><td><!--nstart--><b class=""q1"">Elixir of Superior Defense</b><!--nend--><!--ndstart--><!--ndend--><span class=""q whtt-extra whtt-ilvl""><br>Item Level <!--ilvl-->53</span><!--bo--><!--ue--><!--ebstats--><!--egstats--><!--eistats--><!--nameDescStats--></td></tr></table><table><tr><td>Requires Level <!--rlvl-->43<br><!--useText:0:1--><span id=""useText1"" class=""q2"">Use: <!--useEffect:0:1--><a href=""/classic/spell=11348/greater-armor"" class=""q2"">Increases armor by 450 for 1 hour.</a> (3 Sec Cooldown)<!--useEffect:1--></span><!--useText:1--><!--itemEffects:1--><br><!--pvpEquip--><!--pvpEquip--><div class=""whtt-extra whtt-maxstack"">Max Stack: 5</div><div class=""whtt-sellprice"">Sell Price: <span class=""moneysilver"">5</span></div></td></tr></table>",,0,0,0,0,0,0,0,0,450,0,0,0,0,0,0,0,0,0,0,0,0,0,0,0,0,0,0,0,0,0,0,0
8951,11349,Elixir of Greater Defense,inv_potion_65,0.4,3600,5,0,0,"<table><tr><td><!--nstart--><b class=""q1"">Elixir of Greater Defense</b><!--nend--><!--ndstart--><!--ndend--><span class=""q whtt-extra whtt-ilvl""><br>Item Level <!--ilvl-->39</span><!--bo--><!--ue--><!--ebstats--><!--egstats--><!--eistats--><!--nameDescStats--></td></tr></table><table><tr><td>Requires Level <!--rlvl-->29<br><!--useText:0:1--><span id=""useText1"" class=""q2"">Use: <!--useEffect:0:1--><a href=""/classic/spell=11349/armor"" class=""q2"">Increases armor by 250 for 1 hour.</a> (3 Sec Cooldown)<!--useEffect:1--></span><!--useText:1--><!--itemEffects:1--><br><!--pvpEquip--><!--pvpEquip--><div class=""whtt-extra whtt-maxstack"">Max Stack: 5</div><div class=""whtt-sellprice"">Sell Price: <span class=""moneysilver"">2</span></div></td></tr></table>",,0,0,0,0,0,0,0,0,250,0,0,0,0,0,0,0,0,0,0,0,0,0,0,0,0,0,0,0,0,0,0,0
9088,11371,Gift of Arthas,inv_potion_28,1.54,1800,14,0,0,"<table><tr><td><!--nstart--><b class=""q1"">Gift of Arthas</b><!--nend--><!--ndstart--><!--ndend--><span class=""q whtt-extra whtt-ilvl""><br>Item Level <!--ilvl-->48</span><!--bo--><!--ue--><!--ebstats--><!--egstats--><!--eistats--><!--nameDescStats--></td></tr></table><table><tr><td>Requires Level <!--rlvl-->38<br><!--useText:0:1--><span id=""useText1"" class=""q2"">Use: <!--useEffect:0:1--><a href=""/classic/spell=11371/gift-of-arthas"" class=""q2"">Increases resistance to shadow by 10. &nbsp;If an enemy strikes the imbiber, the attacker has a 30% chance of being inflicted with disease that increases their damage taken by 8 for 3 min. &nbsp;Lasts for 30 min. (Proc chance: 30%)</a> (3 Sec Cooldown)<!--useEffect:1--></span><!--useText:1--><!--itemEffects:1--><br><!--pvpEquip--><!--pvpEquip--><div class=""whtt-extra whtt-maxstack"">Max Stack: 5</div><div class=""whtt-sellprice"">Sell Price: <span class=""moneysilver"">2</span> <span class=""moneycopper"">50</span></div></td></tr></table>","If an enemy strikes the imbiber, the attacker has a 30% chance of being inflicted with disease that increases their damage taken by 8 for 3 min.",0,0,0,0,0,0,0,0,0,0,0,0,0,0,0,0,0,10,0,0,0,0,0,0,0,0,0,0,0,0,0,0
12451,16323,Juju Power,inv_misc_monsterscales_11,0.61,1800,6,0,0,"<table><tr><td><!--nstart--><b class=""q1"">Juju Power</b><!--nend--><!--ndstart--><!--ndend--><span class=""q whtt-extra whtt-ilvl""><br>Item Level <!--ilvl-->60</span><!--bo--><br>Binds when picked up<!--ue--><!--ebstats--><!--egstats--><!--eistats--><!--nameDescStats--></td></tr></table><table><tr><td><!--useText:0:1--><span id=""useText1"" class=""q2"">Use: <!--useEffect:0:1--><a href=""/classic/spell=16323/juju-power"" class=""q2"">Increases the target's Strength by 30 for 30 min.</a> (1 Min Cooldown)<!--useEffect:1--></span><!--useText:1--><!--itemEffects:1--><br><!--pvpEquip--><!--pvpEquip--><div class=""whtt-extra whtt-maxstack"">Max Stack: 20</div><div class=""whtt-sellprice"">Sell Price: <span class=""moneysilver"">15</span></div></td></tr></table>",,0,0,0,0,0,0,0,0,0,0,0,0,0,0,0,0,0,0,0,0,0,30,0,0,0,0,0,0,0,0,0,0
9206,11405,Elixir of Giants,inv_potion_61,0.91,3600,6,0,0,"<table><tr><td><!--nstart--><b class=""q1"">Elixir of Giants</b><!--nend--><!--ndstart--><!--ndend--><span class=""q whtt-extra whtt-ilvl""><br>Item Level <!--ilvl-->48</span><!--bo--><!--ue--><!--ebstats--><!--egstats--><!--eistats--><!--nameDescStats--></td></tr></table><table><tr><td>Requires Level <!--rlvl-->38<br><!--useText:0:1--><span id=""useText1"" class=""q2"">Use: <!--useEffect:0:1--><a href=""/classic/spell=11405/elixir-of-the-giants"" class=""q2"">Increases your Strength by 25 for 1 hour.</a> (3 Sec Cooldown)<!--useEffect:1--></span><!--useText:1--><!--itemEffects:1--><br><!--pvpEquip--><!--pvpEquip--><div class=""whtt-extra whtt-maxstack"">Max Stack: 5</div><div class=""whtt-sellprice"">Sell Price: <span class=""moneysilver"">7</span></div></td></tr></table>",,0,0,0,0,0,0,0,0,0,0,0,0,0,0,0,0,0,0,0,0,0,25,0,0,0,0,0,0,0,0,0,0
12460,16329,Juju Might,inv_misc_monsterscales_07,2.02,600,7,0,0,"<table><tr><td><!--nstart--><b class=""q1"">Juju Might</b><!--nend--><!--ndstart--><!--ndend--><span class=""q whtt-extra whtt-ilvl""><br>Item Level <!--ilvl-->60</span><!--bo--><br>Binds when picked up<!--ue--><!--ebstats--><!--egstats--><!--eistats--><!--nameDescStats--></td></tr></table><table><tr><td><!--useText:0:1--><span id=""useText1"" class=""q2"">Use: <!--useEffect:0:1--><a href=""/classic/spell=16329/juju-might"" class=""q2"">Increases attack power by 40 for 10 min.</a> (1 Min Cooldown)<!--useEffect:1--></span><!--useText:1--><!--itemEffects:1--><br><!--pvpEquip--><!--pvpEquip--><div class=""whtt-extra whtt-maxstack"">Max Stack: 20</div><div class=""whtt-sellprice"">Sell Price: <span class=""moneysilver"">15</span></div></td></tr></table>",,0,0,0,0,0,0,0,0,0,0,0,0,0,0,0,0,0,0,0,0,0,0,0,0,0,0,0,0,0,40,0,0
12820,17038,Winterfall Firewater,inv_potion_92,3.04,1200,7,0,0,"<table><tr><td><!--nstart--><b class=""q1"">Winterfall Firewater</b><!--nend--><!--ndstart--><!--ndend--><span class=""q whtt-extra whtt-ilvl""><br>Item Level <!--ilvl-->50</span><!--bo--><!--ue--><!--ebstats--><!--egstats--><!--eistats--><!--nameDescStats--></td></tr></table><table><tr><td>Requires Level <!--rlvl-->45<br><!--useText:0:1--><span id=""useText1"" class=""q2"">Use: <!--useEffect:0:1--><a href=""/classic/spell=17038/winterfall-firewater"" class=""q2"">Increases your melee attack power by 35 and size for 20 min.</a> (1 Min Cooldown)<!--useEffect:1--></span><!--useText:1--><!--itemEffects:1--><br><!--pvpEquip--><!--pvpEquip--><div class=""whtt-extra whtt-maxstack"">Max Stack: 10</div></td></tr></table>",,0,0,0,0,0,0,0,0,0,0,0,0,0,0,0,0,0,0,0,0,0,0,0,0,0,0,0,0,0,35,0,0
13454,17539,Greater Arcane Elixir,inv_potion_25,2.46,3600,15,0,0,"<table><tr><td><!--nstart--><b class=""q1"">Greater Arcane Elixir</b><!--nend--><!--ndstart--><!--ndend--><span class=""q whtt-extra whtt-ilvl""><br>Item Level <!--ilvl-->57</span><!--bo--><!--ue--><!--ebstats--><!--egstats--><!--eistats--><!--nameDescStats--></td></tr></table><table><tr><td>Requires Level <!--rlvl-->47<br><!--useText:0:1--><span id=""useText1"" class=""q2"">Use: <!--useEffect:0:1--><a href=""/classic/spell=17539/greater-arcane-elixir"" class=""q2"">Increases spell damage by up to 35 for 1 hour.</a> (3 Sec Cooldown)<!--useEffect:1--></span><!--useText:1--><!--itemEffects:1--><br><!--pvpEquip--><!--pvpEquip--><div class=""whtt-extra whtt-maxstack"">Max Stack: 5</div><div class=""whtt-sellprice"">Sell Price: <span class=""moneysilver"">7</span> <span class=""moneycopper"">50</span></div></td></tr></table>",,0,0,0,0,0,0,0,0,0,0,0,35,0,0,0,0,0,0,0,0,0,0,0,0,0,0,0,0,0,0,0,0
9264,11474,Elixir of Shadow Power,inv_potion_46,2.64,1800,16,0,0,"<table><tr><td><!--nstart--><b class=""q1"">Elixir of Shadow Power</b><!--nend--><!--ndstart--><!--ndend--><span class=""q whtt-extra whtt-ilvl""><br>Item Level <!--ilvl-->50</span><!--bo--><!--ue--><!--ebstats--><!--egstats--><!--eistats--><!--nameDescStats--></td></tr></table><table><tr><td>Requires Level <!--rlvl-->40<br><!--useText:0:1--><span id=""useText1"" class=""q2"">Use: <!--useEffect:0:1--><a href=""/classic/spell=11474/shadow-power"" class=""q2"">Increases spell shadow damage by up to 40 for 30 min.</a> (3 Sec Cooldown)<!--useEffect:1--></span><!--useText:1--><!--itemEffects:1--><br><!--pvpEquip--><!--pvpEquip--><div class=""whtt-extra whtt-maxstack"">Max Stack: 5</div><div class=""whtt-sellprice"">Sell Price: <span class=""moneycopper"">35</span></div><div class=""whtt-extra whtt-droppedby"">Dropped by: Batrider Pele'keiki</div></td></tr></table>",,0,0,0,0,0,0,0,0,0,0,0,0,0,0,40,0,0,0,0,0,0,0,0,0,0,0,0,0,0,0,0,0
21546,26276,Elixir of Greater Firepower,inv_potion_60,2.45,1800,16,0,0,"<table><tr><td><!--nstart--><b class=""q1"">Elixir of Greater Firepower</b><!--nend--><!--ndstart--><!--ndend--><span class=""q whtt-extra whtt-ilvl""><br>Item Level <!--ilvl-->50</span><!--bo--><!--ue--><!--ebstats--><!--egstats--><!--eistats--><!--nameDescStats--></td></tr></table><table><tr><td>Requires Level <!--rlvl-->40<br><!--useText:0:1--><span id=""useText1"" class=""q2"">Use: <!--useEffect:0:1--><a href=""/classic/spell=26276/greater-firepower"" class=""q2"">Increases spell fire damage by up to 40 for 30 min.</a> (3 Sec Cooldown)<!--useEffect:1--></span><!--useText:1--><!--itemEffects:1--><br><!--pvpEquip--><!--pvpEquip--><div class=""whtt-extra whtt-maxstack"">Max Stack: 5</div><div class=""whtt-sellprice"">Sell Price: <span class=""moneycopper"">35</span></div></td></tr></table>",,0,0,0,0,0,0,0,0,0,0,0,0,0,0,0,40,0,0,0,0,0,0,0,0,0,0,0,0,0,0,0,0
17708,21920,Elixir of Frost Power,inv_potion_03,2.06,1800,16,0,0,"<table><tr><td><!--nstart--><b class=""q1"">Elixir of Frost Power</b><!--nend--><!--ndstart--><!--ndend--><span class=""q whtt-extra whtt-ilvl""><br>Item Level <!--ilvl-->38</span><!--bo--><!--ue--><!--ebstats--><!--egstats--><!--eistats--><!--nameDescStats--></td></tr></table><table><tr><td>Requires Level <!--rlvl-->28<br><!--useText:0:1--><span id=""useText1"" class=""q2"">Use: <!--useEffect:0:1--><a href=""/classic/spell=21920/frost-power"" class=""q2"">Increases spell frost damage by up to 15 for 30 min.</a> (3 Sec Cooldown)<!--useEffect:1--></span><!--useText:1--><!--itemEffects:1--><br><!--pvpEquip--><!--pvpEquip--><div class=""whtt-extra whtt-maxstack"">Max Stack: 5</div><div class=""whtt-sellprice"">Sell Price: <span class=""moneycopper"">35</span></div></td></tr></table>",,0,0,0,0,0,0,0,0,0,0,0,0,0,15,0,0,0,0,0,0,0,0,0,0,0,0,0,0,0,0,0,0
12455,16326,Juju Ember,inv_misc_monsterscales_15,0.25,600,8,0,0,"<table><tr><td><!--nstart--><b class=""q1"">Juju Ember</b><!--nend--><!--ndstart--><!--ndend--><span class=""q whtt-extra whtt-ilvl""><br>Item Level <!--ilvl-->60</span><!--bo--><br>Binds when picked up<!--ue--><!--ebstats--><!--egstats--><!--eistats--><!--nameDescStats--></td></tr></table><table><tr><td><!--useText:0:1--><span id=""useText1"" class=""q2"">Use: <!--useEffect:0:1--><a href=""/classic/spell=16326/juju-ember"" class=""q2"">Increases Fire resistance by 15 for 10 min.</a> (1 Min Cooldown)<!--useEffect:1--></span><!--useText:1--><!--itemEffects:1--><br><!--pvpEquip--><!--pvpEquip--><div class=""whtt-extra whtt-maxstack"">Max Stack: 20</div><div class=""whtt-sellprice"">Sell Price: <span class=""moneysilver"">15</span></div></td></tr></table>",,0,0,0,0,0,0,0,0,0,0,0,0,0,0,0,0,15,0,0,0,0,0,0,0,0,0,0,0,0,0,0,0
12457,16325,Juju Chill,inv_misc_monsterscales_09,0.5,600,8,0,0,"<table><tr><td><!--nstart--><b class=""q1"">Juju Chill</b><!--nend--><!--ndstart--><!--ndend--><span class=""q whtt-extra whtt-ilvl""><br>Item Level <!--ilvl-->60</span><!--bo--><br>Binds when picked up<!--ue--><!--ebstats--><!--egstats--><!--eistats--><!--nameDescStats--></td></tr></table><table><tr><td><!--useText:0:1--><span id=""useText1"" class=""q2"">Use: <!--useEffect:0:1--><a href=""/classic/spell=16325/juju-chill"" class=""q2"">Increase Frost resistance by 15 for 10 min.</a> (1 Min Cooldown)<!--useEffect:1--></span><!--useText:1--><!--itemEffects:1--><br><!--pvpEquip--><!--pvpEquip--><div class=""whtt-extra whtt-maxstack"">Max Stack: 20</div><div class=""whtt-sellprice"">Sell Price: <span class=""moneysilver"">15</span></div></td></tr></table>",,0,0,0,0,0,0,0,0,0,0,0,0,0,0,0,0,0,0,0,15,0,0,0,0,0,0,0,0,0,0,0,0
13461,17549,Greater Arcane Protection Potion,inv_potion_83,1.62,3600,17,0,0,"<table><tr><td><!--nstart--><b class=""q1"">Greater Arcane Protection Potion</b><!--nend--><!--ndstart--><!--ndend--><span class=""q whtt-extra whtt-ilvl""><br>Item Level <!--ilvl-->58</span><!--bo--><!--ue--><!--ebstats--><!--egstats--><!--eistats--><!--nameDescStats--></td></tr></table><table><tr><td>Requires Level <!--rlvl-->48<br><!--useText:0:1--><span id=""useText1"" class=""q2"">Use: <!--useEffect:0:1--><a href=""/classic/spell=17549/arcane-protection"" class=""q2"">Absorbs 1950 to 3250 arcane damage. &nbsp;Lasts 1 hour.</a> (2 Min Cooldown)<!--useEffect:1--></span><!--useText:1--><!--itemEffects:1--><br><!--pvpEquip--><!--pvpEquip--><div class=""whtt-extra whtt-maxstack"">Max Stack: 5</div><div class=""whtt-sellprice"">Sell Price: <span class=""moneysilver"">7</span> <span class=""moneycopper"">50</span></div></td></tr></table>",Absorbs 1950 to 3250 arcane damage.,0,0,0,0,0,0,0,0,0,0,0,0,0,0,0,0,0,0,0,0,0,0,0,0,0,0,0,0,0,0,0,0
13457,17543,Greater Fire Protection Potion,inv_potion_24,0.89,3600,17,0,0,"<table><tr><td><!--nstart--><b class=""q1"">Greater Fire Protection Potion</b><!--nend--><!--ndstart--><!--ndend--><span class=""q whtt-extra whtt-ilvl""><br>Item Level <!--ilvl-->58</span><!--bo--><!--ue--><!--ebstats--><!--egstats--><!--eistats--><!--nameDescStats--></td></tr></table><table><tr><td>Requires Level <!--rlvl-->48<br><!--useText:0:1--><span id=""useText1"" class=""q2"">Use: <!--useEffect:0:1--><a href=""/classic/spell=17543/fire-protection"" class=""q2"">Absorbs 1950 to 3250 fire damage. &nbsp;Lasts 1 hour.</a> (2 Min Cooldown)<!--useEffect:1--></span><!--useText:1--><!--itemEffects:1--><br><!--pvpEquip--><!--pvpEquip--><div class=""whtt-extra whtt-maxstack"">Max Stack: 5</div><div class=""whtt-sellprice"">Sell Price: <span class=""moneysilver"">7</span> <span class=""moneycopper"">50</span></div></td></tr></table>",Absorbs 1950 to 3250 fire damage. ,0,0,0,0,0,0,0,0,0,0,0,0,0,0,0,0,0,0,0,0,0,0,0,0,0,0,0,0,0,0,0,0
13456,17544,Greater Frost Protection Potion,inv_potion_20,1.76,3600,17,0,0,"<table><tr><td><!--nstart--><b class=""q1"">Greater Frost Protection Potion</b><!--nend--><!--ndstart--><!--ndend--><span class=""q whtt-extra whtt-ilvl""><br>Item Level <!--ilvl-->58</span><!--bo--><!--ue--><!--ebstats--><!--egstats--><!--eistats--><!--nameDescStats--></td></tr></table><table><tr><td>Requires Level <!--rlvl-->48<br><!--useText:0:1--><span id=""useText1"" class=""q2"">Use: <!--useEffect:0:1--><a href=""/classic/spell=17544/frost-protection"" class=""q2"">Absorbs 1950 to 3250 frost damage. &nbsp;Lasts 1 hour.</a> (2 Min Cooldown)<!--useEffect:1--></span><!--useText:1--><!--itemEffects:1--><br><!--pvpEquip--><!--pvpEquip--><div class=""whtt-extra whtt-maxstack"">Max Stack: 5</div><div class=""whtt-sellprice"">Sell Price: <span class=""moneysilver"">7</span> <span class=""moneycopper"">50</span></div></td></tr></table>",Absorbs 1950 to 3250 frost damage. ,0,0,0,0,0,0,0,0,0,0,0,0,0,0,0,0,0,0,0,0,0,0,0,0,0,0,0,0,0,0,0,0
13458,17546,Greater Nature Protection Potion,inv_potion_22,2.34,3600,17,0,0,"<table><tr><td><!--nstart--><b class=""q1"">Greater Nature Protection Potion</b><!--nend--><!--ndstart--><!--ndend--><span class=""q whtt-extra whtt-ilvl""><br>Item Level <!--ilvl-->58</span><!--bo--><!--ue--><!--ebstats--><!--egstats--><!--eistats--><!--nameDescStats--></td></tr></table><table><tr><td>Requires Level <!--rlvl-->48<br><!--useText:0:1--><span id=""useText1"" class=""q2"">Use: <!--useEffect:0:1--><a href=""/classic/spell=17546/nature-protection"" class=""q2"">Absorbs 1950 to 3250 nature damage. &nbsp;Lasts 1 hour.</a> (2 Min Cooldown)<!--useEffect:1--></span><!--useText:1--><!--itemEffects:1--><br><!--pvpEquip--><!--pvpEquip--><div class=""whtt-extra whtt-maxstack"">Max Stack: 5</div><div class=""whtt-sellprice"">Sell Price: <span class=""moneysilver"">7</span> <span class=""moneycopper"">50</span></div></td></tr></table>",Absorbs 1950 to 3250 nature damage.,0,0,0,0,0,0,0,0,0,0,0,0,0,0,0,0,0,0,0,0,0,0,0,0,0,0,0,0,0,0,0,0
13459,17548,Greater Shadow Protection Potion,inv_potion_23,4.96,3600,17,0,0,"<table><tr><td><!--nstart--><b class=""q1"">Greater Shadow Protection Potion</b><!--nend--><!--ndstart--><!--ndend--><span class=""q whtt-extra whtt-ilvl""><br>Item Level <!--ilvl-->58</span><!--bo--><!--ue--><!--ebstats--><!--egstats--><!--eistats--><!--nameDescStats--></td></tr></table><table><tr><td>Requires Level <!--rlvl-->48<br><!--useText:0:1--><span id=""useText1"" class=""q2"">Use: <!--useEffect:0:1--><a href=""/classic/spell=17548/shadow-protection"" class=""q2"">Absorbs 1950 to 3250 shadow damage. &nbsp;Lasts 1 hour.</a> (2 Min Cooldown)<!--useEffect:1--></span><!--useText:1--><!--itemEffects:1--><br><!--pvpEquip--><!--pvpEquip--><div class=""whtt-extra whtt-maxstack"">Max Stack: 5</div><div class=""whtt-sellprice"">Sell Price: <span class=""moneysilver"">1</span></div></td></tr></table>",Absorbs 1950 to 3250 shadow damage.,0,0,0,0,0,0,0,0,0,0,0,0,0,0,0,0,0,0,0,0,0,0,0,0,0,0,0,0,0,0,0,0
13928,18192,Grilled Squid,inv_misc_fish_13,0.57,600,9,0,0,"<table><tr><td><!--nstart--><b class=""q1"">Grilled Squid</b><!--nend--><!--ndstart--><!--ndend--><span class=""q whtt-extra whtt-ilvl""><br>Item Level <!--ilvl-->45</span><!--bo--><!--ue--><!--ebstats--><!--egstats--><!--eistats--><!--nameDescStats--></td></tr></table><table><tr><td>Requires Level <!--rlvl-->35<br><!--useText:0:1--><span id=""useText1"" class=""q2"">Use: <!--useEffect:0:1--><a href=""/classic/spell=18230/food"" class=""q2"">Restores 874.8 health over 27 sec. &nbsp; Must remain seated while eating. &nbsp; If you eat for 10 seconds will also increase your Agility by 10 for 10 min.</a><!--useEffect:1--></span><!--useText:1--><!--itemEffects:1--><br><!--pvpEquip--><!--pvpEquip--><div class=""whtt-extra whtt-maxstack"">Max Stack: 20</div><div class=""whtt-sellprice"">Sell Price: <span class=""moneycopper"">8</span></div></td></tr></table>",,0,0,0,0,0,0,0,0,0,0,0,0,0,0,0,0,0,0,0,0,0,0,10,0,0,0,0,0,0,0,0,0
20452,24799,Smoked Desert Dumplings,inv_misc_food_64,3.08,600,9,0,0,"<table><tr><td><!--nstart--><b class=""q1"">Smoked Desert Dumplings</b><!--nend--><!--ndstart--><!--ndend--><span class=""q whtt-extra whtt-ilvl""><br>Item Level <!--ilvl-->55</span><!--bo--><!--ue--><!--ebstats--><!--egstats--><!--eistats--><!--nameDescStats--></td></tr></table><table><tr><td>Requires Level <!--rlvl-->45<br><!--useText:0:1--><span id=""useText1"" class=""q2"">Use: <!--useEffect:0:1--><a href=""/classic/spell=24800/food"" class=""q2"">Restores 2148 health over 30 sec. &nbsp;Must remain seated while eating. &nbsp;If you spend at least 10 seconds eating you will become well fed and gain 20 Strength for 15 min.</a><!--useEffect:1--></span><!--useText:1--><!--itemEffects:1--><br><!--pvpEquip--><!--pvpEquip--><div class=""whtt-extra whtt-maxstack"">Max Stack: 20</div><div class=""whtt-sellprice"">Sell Price: <span class=""moneysilver"">2</span> <span class=""moneycopper"">50</span></div></td></tr></table>",,0,0,0,0,0,0,0,0,0,0,0,0,0,0,0,0,0,0,0,0,0,20,0,0,0,0,0,0,0,0,0,0
13931,18194,Nightfin Soup,inv_drink_17,1.64,600,9,0,0,"<table><tr><td><!--nstart--><b class=""q1"">Nightfin Soup</b><!--nend--><!--ndstart--><!--ndend--><span class=""q whtt-extra whtt-ilvl""><br>Item Level <!--ilvl-->45</span><!--bo--><!--ue--><!--ebstats--><!--egstats--><!--eistats--><!--nameDescStats--></td></tr></table><table><tr><td>Requires Level <!--rlvl-->35<br><!--useText:0:1--><span id=""useText1"" class=""q2"">Use: <!--useEffect:0:1--><a href=""/classic/spell=18233/food"" class=""q2"">Restores 874.8 health over 27 sec. &nbsp; Must remain seated while eating. &nbsp; Also restores 8 Mana every 5 seconds for 10 min.</a><!--useEffect:1--></span><!--useText:1--><!--itemEffects:1--><br><!--pvpEquip--><!--pvpEquip--><div class=""whtt-extra whtt-maxstack"">Max Stack: 20</div><div class=""whtt-sellprice"">Sell Price: <span class=""moneycopper"">12</span></div></td></tr></table>",,0,0,0,0,0,0,0,0,0,0,0,0,0,0,0,0,0,0,0,0,0,0,0,0,0,0,0,0,8,0,0,0
18254,22730,Runn Tum Tuber Surprise,inv_misc_food_63,1.58,600,9,0,0,"<table><tr><td><!--nstart--><b class=""q1"">Runn Tum Tuber Surprise</b><!--nend--><!--ndstart--><!--ndend--><span class=""q whtt-extra whtt-ilvl""><br>Item Level <!--ilvl-->55</span><!--bo--><!--ue--><!--ebstats--><!--egstats--><!--eistats--><!--nameDescStats--></td></tr></table><table><tr><td>Requires Level <!--rlvl-->45<br><!--useText:0:1--><span id=""useText1"" class=""q2"">Use: <!--useEffect:0:1--><a href=""/classic/spell=22731/food"" class=""q2"">Restores 1933.2 health over 27 sec. &nbsp; Must remain seated while eating. &nbsp; Also increases your Intellect by 10 for 10 min.</a><!--useEffect:1--></span><!--useText:1--><!--itemEffects:1--><br><!--pvpEquip--><!--pvpEquip--><div class=""whtt-extra whtt-maxstack"">Max Stack: 20</div><div class=""whtt-sellprice"">Sell Price: <span class=""moneycopper"">18</span></div></td></tr></table>",,0,0,0,0,0,0,0,0,0,0,0,0,0,0,0,0,0,0,0,0,0,0,0,10,0,0,0,0,0,0,0,0
21023,25661,Dirge’s Kikin’ Chimaerok Chops,inv_misc_food_65,3.39,600,9,0,0,"<table><tr><td><!--nstart--><b class=""q1"">Dirge's Kickin' Chimaerok Chops</b><!--nend--><!--ndstart--><!--ndend--><span class=""q whtt-extra whtt-ilvl""><br>Item Level <!--ilvl-->65</span><!--bo--><!--ue--><!--ebstats--><!--egstats--><!--eistats--><!--nameDescStats--></td></tr></table><table><tr><td>Requires Level <!--rlvl-->55<br><!--useText:0:1--><span id=""useText1"" class=""q2"">Use: <!--useEffect:0:1--><a href=""/classic/spell=25660/food"" class=""q2"">Restores 2550 health over 30 sec. &nbsp;Must remain seated while eating. &nbsp;If you spend at least 10 seconds eating you will become well fed and gain 25 Stamina for 15 min.</a><!--useEffect:1--></span><!--useText:1--><!--itemEffects:1--><br><!--pvpEquip--><!--pvpEquip--><div class=""whtt-extra whtt-maxstack"">Max Stack: 20</div><div class=""whtt-sellprice"">Sell Price: <span class=""moneysilver"">2</span> <span class=""moneycopper"">50</span></div></td></tr></table>",,0,0,0,0,0,0,0,0,0,0,0,0,0,0,0,0,0,0,0,0,0,0,0,0,0,25,0,0,0,0,0,0
13813,18141,Blessed Sunfruit Juice,inv_drink_16,0.57,600,9,0,0,"<table><tr><td><!--nstart--><b class=""q1"">Blessed Sunfruit Juice</b><!--nend--><!--ndstart--><!--ndend--><span class=""q whtt-extra whtt-ilvl""><br>Item Level <!--ilvl-->55</span><!--bo--><br>Binds when picked up<!--ue--><!--ebstats--><!--egstats--><!--eistats--><!--nameDescStats--></td></tr></table><table><tr><td>Requires Level <!--rlvl-->45<br>Requires <a href=""/classic/faction=529/argent-dawn"" class=""q1"">Argent Dawn</a> - Revered<br><!--useText:0:1--><span id=""useText1"" class=""q2"">Use: <!--useEffect:0:1--><a href=""/classic/spell=18140/blessed-sunfruit-juice"" class=""q2"">Restores 4410 mana over 30 sec. &nbsp;Must remain seated while drinking. Also increases your Spirit by 10 for 10 min.</a><!--useEffect:1--></span><!--useText:1--><!--itemEffects:1--><br><!--pvpEquip--><!--pvpEquip--><div class=""whtt-extra whtt-maxstack"">Max Stack: 20</div><div class=""whtt-sellprice"">Sell Price: <span class=""moneysilver"">3</span></div></td></tr></table>",,0,0,0,0,0,0,0,0,0,0,0,0,0,0,0,0,0,0,0,0,0,0,0,0,10,0,0,0,0,0,0,0
13810,18125,Blessed Sunfruit,inv_misc_food_41,0.57,600,9,0,0,"<table><tr><td><!--nstart--><b class=""q1"">Blessed Sunfruit</b><!--nend--><!--ndstart--><!--ndend--><span class=""q whtt-extra whtt-ilvl""><br>Item Level <!--ilvl-->55</span><!--bo--><br>Binds when picked up<!--ue--><!--ebstats--><!--egstats--><!--eistats--><!--nameDescStats--></td></tr></table><table><tr><td>Requires Level <!--rlvl-->45<br>Requires <a href=""/classic/faction=529/argent-dawn"" class=""q1"">Argent Dawn</a> - Revered<br><!--useText:0:1--><span id=""useText1"" class=""q2"">Use: <!--useEffect:0:1--><a href=""/classic/spell=18124/blessed-sunfruit"" class=""q2"">Restores 1933.2 health over 27 sec. &nbsp;Must remain seated while eating. Also increases your Strength by 10 for 10 min.</a><!--useEffect:1--></span><!--useText:1--><!--itemEffects:1--><br><!--pvpEquip--><!--pvpEquip--><div class=""whtt-extra whtt-maxstack"">Max Stack: 20</div><div class=""whtt-sellprice"">Sell Price: <span class=""moneysilver"">3</span></div></td></tr></table>",,0,0,0,0,0,0,0,0,0,0,0,0,0,0,0,0,0,0,0,0,0,10,0,0,0,0,0,0,0,0,0,0
18284,22790,Kreeg’s Stout Beatdown,inv_drink_05,0.64,900,10,0,0,"<table><tr><td><!--nstart--><b class=""q2"">Kreeg's Stout Beatdown</b><!--nend--><!--ndstart--><!--ndend--><span class=""q whtt-extra whtt-ilvl""><br>Item Level <!--ilvl-->1</span><!--bo--><br>Binds when picked up<!--ue--><!--ebstats--><!--egstats--><!--eistats--><!--nameDescStats--></td></tr></table><table><tr><td><!--useText:0:1--><span id=""useText1"" class=""q2"">Use: <!--useEffect:0:1--><a href=""/classic/spell=22790/kreegs-stout-beatdown"" class=""q2"">Increases Spirit by 25, but decreases Intelligence by 5 for 15 min. &nbsp;Smoooooth.</a><!--useEffect:1--></span><!--useText:1--><!--itemEffects:1--><br><!--pvpEquip--><!--pvpEquip--><div class=""whtt-extra whtt-maxstack"">Max Stack: 10</div><div class=""whtt-sellprice"">Sell Price: <span class=""moneysilver"">3</span> <span class=""moneycopper"">75</span></div></td></tr></table>",,0,0,0,0,0,0,0,0,0,0,0,0,0,0,0,0,0,0,0,0,0,0,0,-5,25,0,0,0,0,0,0,0
18269,22789,Gordok Green Grog,inv_drink_03,0.95,900,10,0,0,"<table><tr><td><!--nstart--><b class=""q2"">Gordok Green Grog</b><!--nend--><!--ndstart--><!--ndend--><span class=""q whtt-extra whtt-ilvl""><br>Item Level <!--ilvl-->1</span><!--bo--><br>Binds when picked up<!--ue--><!--ebstats--><!--egstats--><!--eistats--><!--nameDescStats--></td></tr></table><table><tr><td><!--useText:0:1--><span id=""useText1"" class=""q2"">Use: <!--useEffect:0:1--><a href=""/classic/spell=22789/gordok-green-grog"" class=""q2"">Increases Stamina by 10 for 15 min and gets you drunk to boot. &nbsp;Green means it's good!</a><!--useEffect:1--></span><!--useText:1--><!--itemEffects:1--><br><!--pvpEquip--><!--pvpEquip--><div class=""whtt-extra whtt-maxstack"">Max Stack: 10</div><div class=""whtt-sellprice"">Sell Price: <span class=""moneysilver"">3</span> <span class=""moneycopper"">75</span></div></td></tr></table>",,0,0,0,0,0,0,0,0,0,0,0,0,0,0,0,0,0,0,0,0,0,0,0,0,0,10,0,0,0,0,0,0
21151,25804,Rumsey Rum Black Label,inv_drink_04,2.86,900,10,0,0,"<table><tr><td><!--nstart--><b class=""q1"">Rumsey Rum Black Label</b><!--nend--><!--ndstart--><!--ndend--><span class=""q whtt-extra whtt-ilvl""><br>Item Level <!--ilvl-->1</span><!--bo--><!--ue--><!--ebstats--><!--egstats--><!--eistats--><!--nameDescStats--></td></tr></table><table><tr><td><!--useText:0:1--><span id=""useText1"" class=""q2"">Use: <!--useEffect:0:1--><a href=""/classic/spell=25804/rumsey-rum-black-label"" class=""q2"">Increases Stamina by 15 for 15 min and gets you drunk to boot!</a><!--useEffect:1--></span><!--useText:1--><!--itemEffects:1--><br><!--pvpEquip--><!--pvpEquip--><div class=""whtt-extra whtt-maxstack"">Max Stack: 10</div><div class=""whtt-sellprice"">Sell Price: <span class=""moneycopper"">50</span></div></td></tr></table>",,0,0,0,0,0,0,0,0,0,0,0,0,0,0,0,0,0,0,0,0,0,0,0,0,0,15,0,0,0,0,0,0
20748,25123,Brilliant Mana Oil,inv_potion_100,10.5,1800,11,0,0,"<table><tr><td><!--nstart--><b class=""q1"">Brilliant Mana Oil</b><!--nend--><!--ndstart--><!--ndend--><span class=""q whtt-extra whtt-ilvl""><br>Item Level <!--ilvl-->55</span><!--bo--><!--ue--><!--ebstats--><!--egstats--><!--eistats--><!--nameDescStats--></td></tr></table><table><tr><td>Requires Level <!--rlvl-->45<br><!--useText:0:1--><span id=""useText1"" class=""q2"">Use: <!--useEffect:0:1--><a href=""/classic/spell=25123/brilliant-mana-oil"" class=""q2"">While applied to target weapon it restores 12 mana to the caster every 5 seconds and increases the effect of healing spells by up to 25. &nbsp;Lasts for 30 minutes.</a><!--useEffect:1--></span><!--useText:1--><br />5 Charges<!--itemEffects:1--><br><!--pvpEquip--><!--pvpEquip--><div class=""whtt-sellprice"">Sell Price: <span class=""moneysilver"">10</span></div></td></tr></table>",,0,0,0,0,0,0,0,0,0,0,0,0,25,0,0,0,0,0,0,0,0,0,0,0,0,0,0,0,12,0,0,0
20749,25122,Brilliant Wizard Oil,inv_potion_105,12.65,1800,11,0,0,"<table><tr><td><!--nstart--><b class=""q1"">Brilliant Wizard Oil</b><!--nend--><!--ndstart--><!--ndend--><span class=""q whtt-extra whtt-ilvl""><br>Item Level <!--ilvl-->55</span><!--bo--><!--ue--><!--ebstats--><!--egstats--><!--eistats--><!--nameDescStats--></td></tr></table><table><tr><td>Requires Level <!--rlvl-->45<br><!--useText:0:1--><span id=""useText1"" class=""q2"">Use: <!--useEffect:0:1--><a href=""/classic/spell=25122/brilliant-wizard-oil"" class=""q2"">While applied to target weapon it increases spell damage by up to 36 and increases Spell Critical chance by 1% . &nbsp;Lasts for 30 minutes.</a><!--useEffect:1--></span><!--useText:1--><br />5 Charges<!--itemEffects:1--><br><!--pvpEquip--><!--pvpEquip--><div class=""whtt-sellprice"">Sell Price: <span class=""moneysilver"">10</span></div></td></tr></table>",,0,0,0,0,0,0,0,0,0,0,0,36,0,0,0,0,0,0,0,0,0,0,0,0,0,0,0,0,0,0,1,0
12404,16138,Dense Sharpening Stone,inv_stone_sharpeningstone_05,0.34,1800,11,0,0,"<table><tr><td><!--nstart--><b class=""q1"">Dense Sharpening Stone</b><!--nend--><!--ndstart--><!--ndend--><span class=""q whtt-extra whtt-ilvl""><br>Item Level <!--ilvl-->45</span><!--bo--><!--ue--><!--ebstats--><!--egstats--><!--eistats--><!--nameDescStats--></td></tr></table><table><tr><td>Requires Level <!--rlvl-->35<br><!--useText:0:1--><span id=""useText1"" class=""q2"">Use: <!--useEffect:0:1--><a href=""/classic/spell=16138/sharpen-blade-v"" class=""q2"">Increase sharp weapon damage by 8 for 30 minutes.</a><!--useEffect:1--></span><!--useText:1--><!--itemEffects:1--><br><!--pvpEquip--><!--pvpEquip--><div class=""whtt-extra whtt-maxstack"">Max Stack: 20</div><div class=""whtt-sellprice"">Sell Price: <span class=""moneycopper"">75</span></div></td></tr></table>",,0,0,0,0,0,0,8,8,0,0,0,0,0,0,0,0,0,0,0,0,0,0,0,0,0,0,0,0,0,0,0,0
18262,22756,Elemental Sharpening Stone,inv_stone_02,2.64,1800,11,0,0,"<table><tr><td><!--nstart--><b class=""q2"">Elemental Sharpening Stone</b><!--nend--><!--ndstart--><!--ndend--><span class=""q whtt-extra whtt-ilvl""><br>Item Level <!--ilvl-->60</span><!--bo--><!--ue--><!--ebstats--><!--egstats--><!--eistats--><!--nameDescStats--></td></tr></table><table><tr><td>Requires Level <!--rlvl-->50<br><!--useText:0:1--><span id=""useText1"" class=""q2"">Use: <!--useEffect:0:1--><a href=""/classic/spell=22756/sharpen-weapon-critical"" class=""q2"">Increase critical chance on a melee weapon by 2% for 30 minutes.</a><!--useEffect:1--></span><!--useText:1--><!--itemEffects:1--><br><!--pvpEquip--><!--pvpEquip--><div class=""whtt-extra whtt-maxstack"">Max Stack: 20</div><div class=""whtt-sellprice"">Sell Price: <span class=""moneysilver"">12</span> <span class=""moneycopper"">50</span></div></td></tr></table>",,0,0,0,0,0,0,0,0,0,0,0,0,0,0,0,0,0,0,0,0,0,0,0,0,0,0,0,2,0,0,0,0
13444,17531,Major Mana Potion,inv_potion_76,1.5,0,0,120,1,"<table><tr><td><!--nstart--><b class=""q1"">Major Mana Potion</b><!--nend--><!--ndstart--><!--ndend--><span class=""q whtt-extra whtt-ilvl""><br>Item Level <!--ilvl-->59</span><!--bo--><!--ue--><!--ebstats--><!--egstats--><!--eistats--><!--nameDescStats--></td></tr></table><table><tr><td>Requires Level <!--rlvl-->49<br><!--useText:0:1--><span id=""useText1"" class=""q2"">Use: <!--useEffect:0:1--><a href=""/classic/spell=17531/restore-mana"" class=""q2"">Restores 1350 to 2250 mana.</a> (2 Min Cooldown)<!--useEffect:1--></span><!--useText:1--><!--itemEffects:1--><br><!--pvpEquip--><!--pvpEquip--><div class=""whtt-extra whtt-maxstack"">Max Stack: 5</div><div class=""whtt-sellprice"">Sell Price: <span class=""moneysilver"">15</span></div></td></tr></table>",,0,0,1350,2250,0,0,0,0,0,0,0,0,0,0,0,0,0,0,0,0,0,0,0,0,0,0,0,0,0,0,0,0
3387,3169,Limited Invulnerability Potion,inv_potion_62,1.24,6,0,120,1,"<table><tr><td><!--nstart--><b class=""q1"">Limited Invulnerability Potion</b><!--nend--><!--ndstart--><!--ndend--><span class=""q whtt-extra whtt-ilvl""><br>Item Level <!--ilvl-->50</span><!--bo--><!--ue--><!--ebstats--><!--egstats--><!--eistats--><!--nameDescStats--></td></tr></table><table><tr><td>Requires Level <!--rlvl-->45<br><!--useText:0:1--><span id=""useText1"" class=""q2"">Use: <!--useEffect:0:1--><a href=""/classic/spell=3169/invulnerability"" class=""q2"">Imbiber is immune to physical attacks for the next 6 sec.</a> (2 Min Cooldown)<!--useEffect:1--></span><!--useText:1--><!--itemEffects:1--><br><!--pvpEquip--><!--pvpEquip--><div class=""whtt-extra whtt-maxstack"">Max Stack: 5</div><div class=""whtt-sellprice"">Sell Price: <span class=""moneycopper"">30</span></div></td></tr></table>",Imbiber is immune to physical attacks for the next 6 sec.,0,0,0,0,0,0,0,0,0,0,0,0,0,0,0,0,0,0,0,0,0,0,0,0,0,0,0,0,0,0,0,0
9030,11359,Restorative Potion,inv_potion_01,0.85,30,0,120,1,"<table><tr><td><!--nstart--><b class=""q1"">Restorative Potion</b><!--nend--><!--ndstart--><!--ndend--><span class=""q whtt-extra whtt-ilvl""><br>Item Level <!--ilvl-->42</span><!--bo--><!--ue--><!--ebstats--><!--egstats--><!--eistats--><!--nameDescStats--></td></tr></table><table><tr><td>Requires Level <!--rlvl-->32<br><!--useText:0:1--><span id=""useText1"" class=""q2"">Use: <!--useEffect:0:1--><a href=""/classic/spell=11359/restoration"" class=""q2"">Removes 1 magic, curse, poison or disease effect on you every 5 seconds for 30 seconds.</a> (2 Min Cooldown)<!--useEffect:1--></span><!--useText:1--><!--itemEffects:1--><br><!--pvpEquip--><!--pvpEquip--><div class=""whtt-extra whtt-maxstack"">Max Stack: 5</div><div class=""whtt-sellprice"">Sell Price: <span class=""moneysilver"">2</span></div></td></tr></table>","Removes 1 magic, curse, poison or disease effect on you every 5 seconds for 30 seconds",0,0,0,0,0,0,0,0,0,0,0,0,0,0,0,0,0,0,0,0,0,0,0,0,0,0,0,0,0,0,0,0
5634,6615,Free Action Potion,inv_potion_04,1.9,30,0,120,1,"<table><tr><td><!--nstart--><b class=""q1"">Free Action Potion</b><!--nend--><!--ndstart--><!--ndend--><span class=""q whtt-extra whtt-ilvl""><br>Item Level <!--ilvl-->30</span><!--bo--><!--ue--><!--ebstats--><!--egstats--><!--eistats--><!--nameDescStats--></td></tr></table><table><tr><td>Requires Level <!--rlvl-->20<br><!--useText:0:1--><span id=""useText1"" class=""q2"">Use: <!--useEffect:0:1--><a href=""/classic/spell=6615/free-action"" class=""q2"">Makes you immune to Stun and Movement Impairing effects for the next 30 sec. &nbsp; Does not remove effects already on the imbiber.</a> (2 Min Cooldown)<!--useEffect:1--></span><!--useText:1--><!--itemEffects:1--><br><!--pvpEquip--><!--pvpEquip--><div class=""whtt-extra whtt-maxstack"">Max Stack: 5</div><div class=""whtt-sellprice"">Sell Price: <span class=""moneycopper"">75</span></div></td></tr></table>",,0,0,0,0,0,0,0,0,0,0,0,0,0,0,0,0,0,0,0,0,0,0,0,0,0,0,0,0,0,0,0,0
20520,27869,Dark Rune,spell_shadow_sealofkings,3.19,0,0,120,2,"<table><tr><td><!--nstart--><b class=""q2"">Dark Rune</b><!--nend--><!--ndstart--><!--ndend--><span class=""q whtt-extra whtt-ilvl""><br>Item Level <!--ilvl-->55</span><!--bo--><!--ue--><!--ebstats--><!--egstats--><!--eistats--><!--nameDescStats--></td></tr></table><table><tr><td><!--useText:0:1--><span id=""useText1"" class=""q2"">Use: <!--useEffect:0:1--><a href=""/classic/spell=27869/dark-rune"" class=""q2"">Restores 900 to 1500 mana at the cost of 600 to 1000 life.</a> (2 Min Cooldown)<!--useEffect:1--></span><!--useText:1--><!--itemEffects:1--><br><!--pvpEquip--><!--pvpEquip--><div class=""whtt-extra whtt-maxstack"">Max Stack: 20</div><div class=""whtt-sellprice"">Sell Price: <span class=""moneysilver"">20</span></div></td></tr></table>",,-600,-1000,900,1500,0,0,0,0,0,0,0,0,0,0,0,0,0,0,0,0,0,0,0,0,0,0,0,0,0,0,0,0
19012,23476,Major Healthstone,inv_stone_04,-1,0,0,120,2,"<table><tr><td><!--nstart--><b class=""q1"">Major Healthstone</b><!--nend--><!--ndstart--><!--ndend--><span class=""q whtt-extra whtt-ilvl""><br>Item Level <!--ilvl-->58</span><br />Conjured Item<!--bo--><br>Unique<!--ebstats--><!--egstats--><!--eistats--><!--nameDescStats--></td></tr></table><table><tr><td>Requires Level <!--rlvl-->48<br><!--useText:0:2--><span id=""useText2"" class=""q2"">Use: <!--useEffect:0:2--><a href=""/classic/spell=23476/major-healthstone"" class=""q2"">Instantly restores 1320 life.</a> (2 Min Cooldown)<!--useEffect:2--></span><!--useText:2--><!--itemEffects:1--><br><!--pvpEquip--><!--pvpEquip--></td></tr></table>",,1320,1320,0,0,0,0,0,0,0,0,0,0,0,0,0,0,0,0,0,0,0,0,0,0,0,0,0,0,0,0,0,0
14894,18832,Lily Root,inv_misc_herb_02,1.6,0,0,120,2,"<table><tr><td><!--nstart--><b class=""q1"">Lily Root</b><!--nend--><!--ndstart--><!--ndend--><span class=""q whtt-extra whtt-ilvl""><br>Item Level <!--ilvl-->51</span><br />Conjured Item<!--bo--><br>Binds when picked up<!--ue--><br>Duration: 1 hour<!--ebstats--><!--egstats--><!--eistats--><!--nameDescStats--></td></tr></table><table><tr><td><!--useText:0:1--><span id=""useText1"" class=""q2"">Use: <!--useEffect:0:1--><a href=""/classic/spell=18832/lily-root"" class=""q2"">Restores 525 to 675 mana and health.</a> (2 Min Cooldown)<!--useEffect:1--></span><!--useText:1--><!--itemEffects:1--><br><!--pvpEquip--><!--pvpEquip--></td></tr></table>",,525,675,525,675,0,0,0,0,0,0,0,0,0,0,0,0,0,0,0,0,0,0,0,0,0,0,0,0,0,0,0,0
11952,15701,Night Dragon’s Breath,inv_misc_food_45,1.6,0,0,120,2,"<table><tr><td><!--nstart--><b class=""q1"">Night Dragon's Breath</b><!--nend--><!--ndstart--><!--ndend--><span class=""q whtt-extra whtt-ilvl""><br>Item Level <!--ilvl-->55</span><!--bo--><br>Binds when picked up<!--ue--><!--ebstats--><!--egstats--><!--eistats--><!--nameDescStats--></td></tr></table><table><tr><td>Requires Level <!--rlvl-->45<br><!--useText:0:1--><span id=""useText1"" class=""q2"">Use: <!--useEffect:0:1--><a href=""/classic/spell=15701/night-dragons-breath"" class=""q2"">Restores 394 to 456 mana and 394 to 456 health.</a> (2 Min Cooldown)<!--useEffect:1--></span><!--useText:1--><!--itemEffects:1--><br><!--pvpEquip--><!--pvpEquip--><div class=""whtt-extra whtt-maxstack"">Max Stack: 20</div></td></tr></table>",,394,456,394,456,0,0,0,0,0,0,0,0,0,0,0,0,0,0,0,0,0,0,0,0,0,0,0,0,0,0,0,0
11951,15700,Whipper Root Tuber,inv_misc_food_55,0.75,0,0,120,2,"<table><tr><td><!--nstart--><b class=""q1"">Whipper Root Tuber</b><!--nend--><!--ndstart--><!--ndend--><span class=""q whtt-extra whtt-ilvl""><br>Item Level <!--ilvl-->55</span><!--bo--><br>Binds when picked up<!--ue--><!--ebstats--><!--egstats--><!--eistats--><!--nameDescStats--></td></tr></table><table><tr><td>Requires Level <!--rlvl-->45<br><!--useText:0:1--><span id=""useText1"" class=""q2"">Use: <!--useEffect:0:1--><a href=""/classic/spell=15700/whipper-root-tuber"" class=""q2"">Restores 700 to 900 health.</a> (2 Min Cooldown)<!--useEffect:1--></span><!--useText:1--><!--itemEffects:1--><br><!--pvpEquip--><!--pvpEquip--><div class=""whtt-extra whtt-maxstack"">Max Stack: 20</div></td></tr></table>",,700,900,0,0,0,0,0,0,0,0,0,0,0,0,0,0,0,0,0,0,0,0,0,0,0,0,0,0,0,0,0,0
14530,18610,Heavy Runecloth Bandage,inv_misc_bandage_12,0.98,8,0,60,3,"<table><tr><td><!--nstart--><b class=""q1"">Heavy Runecloth Bandage</b><!--nend--><!--ndstart--><!--ndend--><span class=""q whtt-extra whtt-ilvl""><br>Item Level <!--ilvl-->58</span><!--bo--><!--ue--><!--ebstats--><!--egstats--><!--eistats--><!--nameDescStats--></td></tr></table><table><tr><td>Requires <a href=""/classic/skill=129/first-aid"" class=""q1"">First Aid</a> (225)<br><!--useText:0:1--><span id=""useText1"" class=""q2"">Use: <!--useEffect:0:1--><a href=""/classic/spell=18610/first-aid"" class=""q2"">Heals 2000 damage over 8 sec.</a><!--useEffect:1--></span><!--useText:1--><!--itemEffects:1--><br><!--pvpEquip--><!--pvpEquip--><div class=""whtt-extra whtt-maxstack"">Max Stack: 20</div><div class=""whtt-sellprice"">Sell Price: <span class=""moneysilver"">10</span></div></td></tr></table>",Heals 2000 damage over 8 sec.,0,0,0,0,0,0,0,0,0,0,0,0,0,0,0,0,0,0,0,0,0,0,0,0,0,0,0,0,0,0,0,0
19440,23787,Powerful Anti-Venom,inv_drink_14,3.95,0,0,60,4,"<table><tr><td><!--nstart--><b class=""q1"">Powerful Anti-Venom</b><!--nend--><!--ndstart--><!--ndend--><span class=""q whtt-extra whtt-ilvl""><br>Item Level <!--ilvl-->58</span><!--bo--><!--ue--><!--ebstats--><!--egstats--><!--eistats--><!--nameDescStats--></td></tr></table><table><tr><td>Requires <a href=""/classic/skill=129/first-aid"" class=""q1"">First Aid</a> (300)<br><!--useText:0:1--><span id=""useText1"" class=""q2"">Use: <!--useEffect:0:1--><a href=""/classic/spell=23786/powerful-anti-venom"" class=""q2"">Target is cured of poisons up to level 60.</a> (1 Min Cooldown)<!--useEffect:1--></span><!--useText:1--><!--itemEffects:1--><br><!--pvpEquip--><!--pvpEquip--><div class=""whtt-extra whtt-maxstack"">Max Stack: 10</div><div class=""whtt-sellprice"">Sell Price: <span class=""moneysilver"">5</span></div></td></tr></table>",Target is cured of poisons up to level 60.,0,0,0,0,0,0,0,0,0,0,0,0,0,0,0,0,0,0,0,0,0,0,0,0,0,0,0,0,0,0,0,0
13442,17528,Mighty Rage Potion,inv_potion_41,2.62,20,0,120,1,"<table><tr><td><!--nstart--><b class=""q1"">Mighty Rage Potion</b><!--nend--><!--ndstart--><!--ndend--><span class=""q whtt-extra whtt-ilvl""><br>Item Level <!--ilvl-->51</span><!--bo--><!--ue--><!--ebstats--><!--egstats--><!--eistats--><!--nameDescStats--><div class=""wowhead-tooltip-item-classes"">Classes: <a href=""/classic/class=1/warrior"" class=""c1"">Warrior</a></div></td></tr></table><table><tr><td>Requires Level <!--rlvl-->46<br><!--useText:0:1--><span id=""useText1"" class=""q2"">Use: <!--useEffect:0:1--><a href=""/classic/spell=17528/mighty-rage"" class=""q2"">Increases Rage by 45 to 75 and increases Strength by 60 for 20 sec.</a> (2 Min Cooldown)<!--useEffect:1--></span><!--useText:1--><!--itemEffects:1--><br><!--pvpEquip--><!--pvpEquip--><div class=""whtt-extra whtt-maxstack"">Max Stack: 5</div><div class=""whtt-sellprice"">Sell Price: <span class=""moneysilver"">5</span></div></td></tr></table>",,0,0,0,0,45,75,0,0,0,0,0,0,0,0,0,0,0,0,0,0,0,60,0,0,0,0,0,0,0,0,0,0
13455,17540,Greater Stoneshield Potion,inv_potion_69,1,120,0,120,1,"<table><tr><td><!--nstart--><b class=""q1"">Greater Stoneshield Potion</b><!--nend--><!--ndstart--><!--ndend--><span class=""q whtt-extra whtt-ilvl""><br>Item Level <!--ilvl-->56</span><!--bo--><!--ue--><!--ebstats--><!--egstats--><!--eistats--><!--nameDescStats--></td></tr></table><table><tr><td>Requires Level <!--rlvl-->46<br><!--useText:0:1--><span id=""useText1"" class=""q2"">Use: <!--useEffect:0:1--><a href=""/classic/spell=17540/greater-stoneshield"" class=""q2"">Increases armor by 2000 for 2 min.</a> (2 Min Cooldown)<!--useEffect:1--></span><!--useText:1--><!--itemEffects:1--><br><!--pvpEquip--><!--pvpEquip--><div class=""whtt-extra whtt-maxstack"">Max Stack: 5</div><div class=""whtt-sellprice"">Sell Price: <span class=""moneysilver"">7</span> <span class=""moneycopper"">50</span></div></td></tr></table>",,0,0,0,0,0,0,0,0,2000,0,0,0,0,0,0,0,0,0,0,0,0,0,0,0,0,0,0,0,0,0,0,0
13446,17534,Major Healing Potion,inv_potion_54,0.44,0,0,120,1,"<table><tr><td><!--nstart--><b class=""q1"">Major Healing Potion</b><!--nend--><!--ndstart--><!--ndend--><span class=""q whtt-extra whtt-ilvl""><br>Item Level <!--ilvl-->55</span><!--bo--><!--ue--><!--ebstats--><!--egstats--><!--eistats--><!--nameDescStats--></td></tr></table><table><tr><td>Requires Level <!--rlvl-->45<br><!--useText:0:1--><span id=""useText1"" class=""q2"">Use: <!--useEffect:0:1--><a href=""/classic/spell=17534/healing-potion"" class=""q2"">Restores 1050 to 1750 health.</a> (2 Min Cooldown)<!--useEffect:1--></span><!--useText:1--><!--itemEffects:1--><br><!--pvpEquip--><!--pvpEquip--><div class=""whtt-extra whtt-maxstack"">Max Stack: 5</div><div class=""whtt-sellprice"">Sell Price: <span class=""moneysilver"">10</span></div></td></tr></table>",,1050,1750,0,0,0,0,0,0,0,0,0,0,0,0,0,0,0,0,0,0,0,0,0,0,0,0,0,0,0,0,0,0
13443,17530,Superior Mana Potion,inv_potion_74,0.28,0,0,120,1,"<table><tr><td><!--nstart--><b class=""q1"">Superior Mana Potion</b><!--nend--><!--ndstart--><!--ndend--><span class=""q whtt-extra whtt-ilvl""><br>Item Level <!--ilvl-->51</span><!--bo--><!--ue--><!--ebstats--><!--egstats--><!--eistats--><!--nameDescStats--></td></tr></table><table><tr><td>Requires Level <!--rlvl-->41<br><!--useText:0:1--><span id=""useText1"" class=""q2"">Use: <!--useEffect:0:1--><a href=""/classic/spell=17530/restore-mana"" class=""q2"">Restores 900 to 1500 mana.</a> (2 Min Cooldown)<!--useEffect:1--></span><!--useText:1--><!--itemEffects:1--><br><!--pvpEquip--><!--pvpEquip--><div class=""whtt-extra whtt-maxstack"">Max Stack: 5</div><div class=""whtt-sellprice"">Sell Price: <span class=""moneysilver"">4</span></div></td></tr></table>",,0,0,900,1500,0,0,0,0,0,0,0,0,0,0,0,0,0,0,0,0,0,0,0,0,0,0,0,0,0,0,0,0
3928,4042,Superior Healing Potion,inv_potion_53,0.06,0,0,120,1,"<table><tr><td><!--nstart--><b class=""q1"">Superior Healing Potion</b><!--nend--><!--ndstart--><!--ndend--><span class=""q whtt-extra whtt-ilvl""><br>Item Level <!--ilvl-->45</span><!--bo--><!--ue--><!--ebstats--><!--egstats--><!--eistats--><!--nameDescStats--></td></tr></table><table><tr><td>Requires Level <!--rlvl-->35<br><!--useText:0:1--><span id=""useText1"" class=""q2"">Use: <!--useEffect:0:1--><a href=""/classic/spell=4042/healing-potion"" class=""q2"">Restores 700 to 900 health.</a> (2 Min Cooldown)<!--useEffect:1--></span><!--useText:1--><!--itemEffects:1--><br><!--pvpEquip--><!--pvpEquip--><div class=""whtt-extra whtt-maxstack"">Max Stack: 5</div><div class=""whtt-sellprice"">Sell Price: <span class=""moneysilver"">2</span> <span class=""moneycopper"">50</span></div></td></tr></table>",,700,900,0,0,0,0,0,0,0,0,0,0,0,0,0,0,0,0,0,0,0,0,0,0,0,0,0,0,0,0,0,0
4623,4941,Lesser Stoneshield Potion,inv_potion_67,0.22,90,0,120,1,"<table><tr><td><!--nstart--><b class=""q1"">Lesser Stoneshield Potion</b><!--nend--><!--ndstart--><!--ndend--><span class=""q whtt-extra whtt-ilvl""><br>Item Level <!--ilvl-->43</span><!--bo--><!--ue--><!--ebstats--><!--egstats--><!--eistats--><!--nameDescStats--></td></tr></table><table><tr><td>Requires Level <!--rlvl-->33<br><!--useText:0:1--><span id=""useText1"" class=""q2"">Use: <!--useEffect:0:1--><a href=""/classic/spell=4941/stoneshield"" class=""q2"">Increases armor by 1000 for 1.50 min.</a> (2 Min Cooldown)<!--useEffect:1--></span><!--useText:1--><!--itemEffects:1--><br><!--pvpEquip--><!--pvpEquip--><div class=""whtt-extra whtt-maxstack"">Max Stack: 5</div><div class=""whtt-sellprice"">Sell Price: <span class=""moneysilver"">3</span> <span class=""moneycopper"">75</span></div></td></tr></table>",,0,0,0,0,0,0,0,0,1000,0,0,0,0,0,0,0,0,0,0,0,0,0,0,0,0,0,0,0,0,0,0,0
7676,9512,Thistle Tea,inv_drink_milk_05,2.62,0,0,300,2,"<table><tr><td><!--nstart--><b class=""q1"">Thistle Tea</b><!--nend--><!--ndstart--><!--ndend--><span class=""q whtt-extra whtt-ilvl""><br>Item Level <!--ilvl-->15</span><!--bo--><!--ue--><!--ebstats--><!--egstats--><!--eistats--><!--nameDescStats--><div class=""wowhead-tooltip-item-classes"">Classes: <a href=""/classic/class=4/rogue"" class=""c4"">Rogue</a></div></td></tr></table><table><tr><td>Requires Level <!--rlvl-->5<br><!--useText:0:1--><span id=""useText1"" class=""q2"">Use: <!--useEffect:0:1--><a href=""/classic/spell=9512/restore-energy"" class=""q2"">Instantly restores 100 energy.</a> (5 Min Cooldown)<!--useEffect:1--></span><!--useText:1--><!--itemEffects:1--><br><!--pvpEquip--><!--pvpEquip--><div class=""whtt-extra whtt-maxstack"">Max Stack: 10</div><div class=""whtt-sellprice"">Sell Price: <span class=""moneycopper"">30</span></div></td></tr></table>",,0,0,0,0,0,0,0,0,0,0,0,0,0,0,0,0,0,0,0,0,0,0,0,0,0,0,0,0,0,0,0,100
