DB_ID,NAME,ICON_NAME,TOOLTIP,STACK,PER_PLAYER,PROC_SPELLID,PROC_EVENT,PROC_CHANCE,ATTACK_POWER_MOD,ARMOR_MOD,MIN_DAMAGE,MAX_DAMAGE,CAST_SPEED_MULT,RESIST_FIRE,RESIST_SHADOW,RESIST_FROST,RESIST_NATURE,RESIST_ARCANE,ATTACK_SPEED,DMG_TAKEN_MOD,DMG_TAKEN_MOD_SCHOOL,DMG_TAKEN_MULT,DMG_TAKEN_MULT_SCHOOL,MOVESPEED,R_ATTACK_POWER_TAKEN,STAMINA,STRENGTH,AGILITY,INTELLECT,SPIRIT,SILENCE,SPELL_HEAL,SPELL_CRIT_TAKEN,SPELL_CRIT_TAKEN_SCHOOL,HIT_PCT,HEAL_MOD_MULT,STACK_MULT
9898,Demoralizing Roar,classic_ability_druid_demoralizingroar,"<table><tr><td><table width=""100%""><tr><td><a class=""whtt-name"" href=""/classic/spell=9898/demoralizing-roar""><b class=""whtt-name"">Demoralizing Roar</b></a></td><th><b class=""q0""><br>Level <!--lvl-->60</b></th></tr></table>10 Rage<br />Instant cast<div class=""wowhead-tooltip-requirements"">Requires Druid</div><span class=""wowhead-tooltip-requirements"">Requires level 52</span><br /></td></tr></table><table><tr><td><span class=""wowhead-tooltip-requirements"">Requires Bear Form, Dire Bear Form</span><div class=""q"">The druid roars, decreasing nearby enemies' melee attack power by <!--ppl9898:52:62:130:100:1-->138. &nbsp;Lasts 30 sec.</div></td></tr></table>",1,0,0,,0,-138,0,0,0,0,0,0,0,0,0,0,0,0,0,0,0,0,0,0,0,0,0,0,0,0,0,0,0,0
9907,Faerie Fire,spell_nature_faeriefire,"<table><tr><td><a class=""whtt-name"" href=""/classic/spell=9907/faerie-fire""><b class=""whtt-name"">Faerie Fire</b></a><table width=""100%""><tr><td>115 Mana</td><th>30 yd range</th></tr></table>Instant<div class=""wowhead-tooltip-requirements"">Requires Druid</div><span class=""wowhead-tooltip-requirements"">Requires level 54</span><br /></td></tr></table><table><tr><td><div class=""q"">Decrease the armor of the target by 505 for 40 sec. &nbsp;While affected, the target cannot stealth or turn invisible.</div></td></tr></table>",2,0,0,,0,0,-505,0,0,0,0,0,0,0,0,0,0,0,0,0,0,0,0,0,0,0,0,0,0,0,0,0,0,0
17392,Faerie Fire (Feral),spell_nature_faeriefire,"<table><tr><td><a class=""whtt-name"" href=""/classic/spell=17392/faerie-fire-feral""><b class=""whtt-name"">Faerie Fire (Feral)</b></a><div class=""q0"">Talent</div>30 yd range<table width=""100%""><tr><td>Instant</td><th><!--cooldownText-->6 sec cooldown<!--cooldownText--><!--baseCooldown:6 sec cooldown--></th></tr></table><div class=""wowhead-tooltip-requirements"">Requires Druid</div><span class=""wowhead-tooltip-requirements"">Requires level 54</span><br /></td></tr></table><table><tr><td><span class=""wowhead-tooltip-requirements"">Requires Cat Form, Bear Form, Dire Bear Form</span><div class=""q"">Decrease the armor of the target by 505 for 40 sec. &nbsp;While affected, the target cannot stealth or turn invisible.</div></td></tr></table>",2,0,0,,0,0,-505,0,0,0,0,0,0,0,0,0,0,0,0,0,0,0,0,0,0,0,0,0,0,0,0,0,0,0
11708,Curse of Weakness,spell_shadow_curseofmannoroth,"<table><tr><td><a class=""whtt-name"" href=""/classic/spell=11708/curse-of-weakness""><b class=""whtt-name"">Curse of Weakness</b></a><table width=""100%""><tr><td>175 Mana</td><th>30 yd range</th></tr></table>Instant<div class=""wowhead-tooltip-requirements"">Requires Warlock</div><span class=""wowhead-tooltip-requirements"">Requires level 52</span><br /></td></tr></table><table><tr><td><div class=""q"">Damage caused by the target is reduced by 31 for 2 min. &nbsp;Only one Curse per Warlock can be active on any one target.</div></td></tr></table>",-1,0,0,,0,0,0,-31,-31,0,0,0,0,0,0,0,0,0,0,0,0,0,0,0,0,0,0,0,0,0,0,0,0,0
11717,Curse of Recklessness,spell_shadow_unholystrength,"<table><tr><td><a class=""whtt-name"" href=""/classic/spell=11717/curse-of-recklessness""><b class=""whtt-name"">Curse of Recklessness</b></a><table width=""100%""><tr><td>115 Mana</td><th>30 yd range</th></tr></table>Instant<div class=""wowhead-tooltip-requirements"">Requires Warlock</div><span class=""wowhead-tooltip-requirements"">Requires level 56</span><br /></td></tr></table><table><tr><td><div class=""q"">Curses the target with recklessness, increasing melee attack power by 90 but reducing armor by 640 for 2 min. &nbsp;Cursed enemies will not flee and will ignore Fear and Horror effects. &nbsp;Only one Curse per Warlock can be active on any one target.</div></td></tr></table>",-1,0,0,,0,90,-640,0,0,0,0,0,0,0,0,0,0,0,0,0,0,0,0,0,0,0,0,0,0,0,0,0,0,0
11719,Curse of Tongues,spell_shadow_curseoftounges,"<table><tr><td><a class=""whtt-name"" href=""/classic/spell=11719/curse-of-tongues""><b class=""whtt-name"">Curse of Tongues</b></a><table width=""100%""><tr><td>110 Mana</td><th>30 yd range</th></tr></table>Instant<div class=""wowhead-tooltip-requirements"">Requires Warlock</div><span class=""wowhead-tooltip-requirements"">Requires level 50</span><br /></td></tr></table><table><tr><td><div class=""q"">Forces the target to speak in Demonic, slowing the casting time of all spells by 60%. &nbsp;Only one Curse per Warlock can be active on any one target. &nbsp;Lasts 30 sec.</div></td></tr></table>",-1,0,0,,0,0,0,0,0,-60,0,0,0,0,0,0,0,0,0,0,0,0,0,0,0,0,0,0,0,0,0,0,0,0
11722,Curse of the Elements,spell_shadow_chilltouch,"<table><tr><td><a class=""whtt-name"" href=""/classic/spell=11722/curse-of-the-elements""><b class=""whtt-name"">Curse of the Elements</b></a><table width=""100%""><tr><td>200 Mana</td><th>30 yd range</th></tr></table>Instant<div class=""wowhead-tooltip-requirements"">Requires Warlock</div><span class=""wowhead-tooltip-requirements"">Requires level 60</span><br /></td></tr></table><table><tr><td><div class=""q"">Curses the target for 5 min, reducing Fire and Frost resistances by 75 and increasing Fire and Frost damage taken by 10%. &nbsp;Only one Curse per Warlock can be active on any one target.</div></td></tr></table>",-1,0,0,,0,0,0,0,0,0,-75,0,-75,0,0,0,0,0,10,4,0,0,0,0,0,0,0,0,0,0,0,0,0,0
17937,Curse of Shadow,spell_shadow_curseofachimonde,"<table><tr><td><a class=""whtt-name"" href=""/classic/spell=17937/curse-of-shadow""><b class=""whtt-name"">Curse of Shadow</b></a><table width=""100%""><tr><td>200 Mana</td><th>30 yd range</th></tr></table>Instant<div class=""wowhead-tooltip-requirements"">Requires Warlock</div><span class=""wowhead-tooltip-requirements"">Requires level 56</span><br /></td></tr></table><table><tr><td><div class=""q"">Curses the target for 5 min, reducing Shadow and Arcane resistances by 75 and increasing Shadow and Arcane damage taken by 10%. &nbsp;Only one Curse per Warlock can be active on any one target.</div></td></tr></table>",-1,0,0,,0,0,0,0,0,0,0,-75,0,0,-75,0,0,0,10,5,0,0,0,0,0,0,0,0,0,0,0,0,0,0
18223,Curse of Exhaustion,spell_shadow_grimward,"<table><tr><td><a class=""whtt-name"" href=""/classic/spell=18223/curse-of-exhaustion""><b class=""whtt-name"">Curse of Exhaustion</b></a><div class=""q0"">Talent</div><table width=""100%""><tr><td>8% of base mana</td><th>30 yd range</th></tr></table>Instant<div class=""wowhead-tooltip-requirements"">Requires Warlock</div></td></tr></table><table><tr><td><div class=""q"">Reduces the target's movement speed by <!--sp18312:0--><!--sp18288:0--><!--sp18311:0--><!--sp18310:0--><!--sp18313:0-->10<!--sp18313--><!--sp18310--><!--sp18311--><!--sp18288--><!--sp18312-->% for 12 sec. &nbsp;Only one Curse per Warlock can be active on any one target.</div></td></tr></table>",-1,0,0,,0,0,0,0,0,0,0,0,0,0,0,0,0,0,0,0,-10,0,0,0,0,0,0,0,0,0,0,0,0,0
14325,Hunter’s Mark,ability_hunter_snipershot,"<table><tr><td><a class=""whtt-name"" href=""/classic/spell=14325/hunters-mark""><b class=""whtt-name"">Hunter's Mark</b></a><table width=""100%""><tr><td>60 Mana</td><th>100 yd range</th></tr></table>Instant<div class=""wowhead-tooltip-requirements"">Requires Hunter</div><span class=""wowhead-tooltip-requirements"">Requires level 58</span><br /></td></tr></table><table><tr><td><div class=""q"">Places the Hunter's Mark on the target, increasing the Ranged Attack Power of all attackers against that target by 110. &nbsp;In addition, the target of this ability can always be seen by the hunter whether it stealths or turns invisible. &nbsp;The target also appears on the mini-map. &nbsp;Lasts for 2 min.</div></td></tr></table>",-1,0,0,,0,0,0,0,0,0,0,0,0,0,0,0,0,0,0,0,0,110,0,0,0,0,0,0,0,0,0,0,0,0
11198,Expose Armor,ability_warrior_riposte,"<table><tr><td><a class=""whtt-name"" href=""/classic/spell=11198/expose-armor""><b class=""whtt-name"">Expose Armor</b></a><table width=""100%""><tr><td>25 Energy</td><th>Melee Range</th></tr></table>Instant<div class=""wowhead-tooltip-requirements"">Requires Rogue</div><span class=""wowhead-tooltip-requirements"">Requires level 56</span><br /></td></tr></table><table><tr><td><span class=""wowhead-tooltip-requirements"">Requires Melee Weapon</span><div class=""q"">Finishing move that exposes the target for 30 sec, reducing armor per combo point:<br /> &nbsp; 1 point &nbsp;: 340 armor<br /> &nbsp; 2 points: 680 armor<br /> &nbsp; 3 points: 1020 armor<br /> &nbsp; 4 points: 1360 armor<br /> &nbsp; 5 points: 1700 armor</div></td></tr></table>",3,0,0,,0,0,-340,0,0,0,0,0,0,0,0,0,0,0,0,0,0,0,0,0,0,0,0,0,0,0,0,0,0,1
11556,Demoralizing Shout,ability_warrior_warcry,"<table><tr><td><table width=""100%""><tr><td><a class=""whtt-name"" href=""/classic/spell=11556/demoralizing-shout""><b class=""whtt-name"">Demoralizing Shout</b></a></td><th><b class=""q0""><br>Level <!--lvl-->60</b></th></tr></table>10 Rage<br />Instant cast<div class=""wowhead-tooltip-requirements"">Requires Warrior</div><span class=""wowhead-tooltip-requirements"">Requires level 54</span><br /></td></tr></table><table><tr><td><div class=""q"">Reduces the melee attack power of all enemies within 10 yards by <!--ppl11556:54:64:140:100:1-->146 for 30 sec.</div></td></tr></table>",1,0,0,,0,-146,0,0,0,0,0,0,0,0,0,0,0,0,0,0,0,0,0,0,0,0,0,0,0,0,0,0,0,0
11597,Sunder Armor,ability_warrior_sunder,"<table><tr><td><a class=""whtt-name"" href=""/classic/spell=11597/sunder-armor""><b class=""whtt-name"">Sunder Armor</b></a><table width=""100%""><tr><td>15 Rage</td><th>Melee Range</th></tr></table>Instant cast<div class=""wowhead-tooltip-requirements"">Requires Warrior</div><span class=""wowhead-tooltip-requirements"">Requires level 58</span><br /></td></tr></table><table><tr><td><span class=""wowhead-tooltip-requirements"">Requires Melee Weapon</span><div class=""q"">Sunders the target's armor, reducing it by 450 per Sunder Armor and causes a high amount of threat. &nbsp;Can be applied up to 5 times. &nbsp;Lasts 30 sec.</div></td></tr></table>",3,0,0,,0,0,-450,0,0,0,0,0,0,0,0,0,0,0,0,0,0,0,0,0,0,0,0,0,0,0,0,0,0,1
12323,Piercing Howl,spell_shadow_deathscream,"<table><tr><td><a class=""whtt-name"" href=""/classic/spell=12323/piercing-howl""><b class=""whtt-name"">Piercing Howl</b></a><div class=""q0"">Talent</div>10 Rage<br />Instant cast<div class=""wowhead-tooltip-requirements"">Requires Warrior</div></td></tr></table><table><tr><td><div class=""q"">Causes all enemies near the warrior to be dazed, reducing movement speed by 50% for 6 sec.</div></td></tr></table>",-1,0,0,,0,0,0,0,0,0,0,0,0,0,0,0,0,0,0,0,-50,0,0,0,0,0,0,0,0,0,0,0,0,0
23605,Spell Vulnerability,spell_holy_elunesgrace,"<table><tr><td><a class=""whtt-name"" href=""/classic/spell=23605/spell-vulnerability""><b class=""whtt-name"">Spell Vulnerability</b></a><div class=""q0"">Item Effect</div>Melee Range<br />Instant<div class=""wowhead-tooltip-requirements"">Requires Warrior</div><span class=""wowhead-tooltip-requirements"">Requires level 60</span><br /></td></tr></table><table><tr><td><div class=""q"">Spell damage taken by target increased by 15% for 5 sec.</div></td></tr></table>",-1,0,0,,0,0,0,0,0,0,0,0,0,0,0,0,0,0,15,7,0,0,0,0,0,0,0,0,0,0,0,0,0,0
21992,Thunderfury,spell_nature_cyclone,"<table><tr><td><a class=""whtt-name"" href=""/classic/spell=21992/thunderfury""><b class=""whtt-name"">Thunderfury</b></a><div class=""q0"">Item Effect</div>Melee Range<br />Instant<br /><span class=""wowhead-tooltip-requirements"">Requires level 63</span><br /></td></tr></table><table><tr><td><div class=""q"">Blasts your enemy with lightning, dealing 300 Nature damage and then jumping to additional nearby enemies. &nbsp;Each jump reduces that victim's Nature resistance by 25. Affects 5 targets. Your primary target is also consumed by a cyclone, slowing its attack speed by 20% for 12 sec.</div></td></tr></table>",-1,0,0,,0,0,0,0,0,0,0,0,0,-25,0,-20,0,0,0,0,0,0,0,0,0,0,0,0,0,0,0,0,0,0
19755,Frightalon,spell_shadow_shadowpact,"<table><tr><td><a class=""whtt-name"" href=""/classic/spell=19755/frightalon""><b class=""whtt-name"">Frightalon</b></a><div class=""q0"">Item Effect</div>30 yd range<br />1 sec cast<br /><span class=""wowhead-tooltip-requirements"">Requires level 60</span><br /></td></tr></table><table><tr><td><div class=""q"">Lowers all attributes of target by 10 for 1 min.</div></td></tr></table>",-1,0,0,,0,0,0,0,0,0,0,0,0,0,0,0,0,0,0,0,0,0,-10,-10,-10,-10,-10,0,0,0,0,0,0,0
18278,Silence,spell_holy_silence,"<table><tr><td><a class=""whtt-name"" href=""/classic/spell=18278/silence""><b class=""whtt-name"">Silence</b></a><div class=""q0"">Item Effect</div><table width=""100%""><tr><td>30 Mana</td><th>20 yd range</th></tr></table>Instant<br /><span class=""wowhead-tooltip-requirements"">Requires level 60</span><br /></td></tr></table><table><tr><td><div class=""q"">Silences an enemy preventing it from casting spells for 6 sec.</div></td></tr></table>",-1,0,0,,0,0,0,0,0,0,0,0,0,0,0,0,0,0,0,0,0,0,0,0,0,0,0,1,0,0,0,0,0,0
17505,Curse of Timmy,spell_shadow_shadowpact,"<table><tr><td><a class=""whtt-name"" href=""/classic/spell=17505/curse-of-timmy""><b class=""whtt-name"">Curse of Timmy</b></a><div class=""q0"">Item Effect</div>30 yd range<br />1 sec cast<br /><span class=""wowhead-tooltip-requirements"">Requires level 60</span><br /></td></tr></table><table><tr><td><div class=""q"">Lowers all attributes of target by 15 for 1 min.</div></td></tr></table>",-1,0,0,,0,0,0,0,0,0,0,0,0,0,0,0,0,0,0,0,0,0,-15,-15,-15,-15,-15,0,0,0,0,0,0,0
17331,Fang of the Crystal Spider,spell_nature_web,"<table><tr><td><a class=""whtt-name"" href=""/classic/spell=17331/fang-of-the-crystal-spider""><b class=""whtt-name"">Fang of the Crystal Spider</b></a><div class=""q0"">Item Effect</div>30 yd range<br />Instant<div class=""wowhead-tooltip-requirements"">Requires Hunter</div><span class=""wowhead-tooltip-requirements"">Requires level 60</span><br /></td></tr></table><table><tr><td><div class=""q"">Slows target enemy's casting speed and increases the time between melee and ranged attacks by 10% for 10 sec.</div></td></tr></table>",-1,0,0,,0,0,0,0,0,-10,0,0,0,0,0,-10,0,0,0,0,0,0,0,0,0,0,0,0,0,0,0,0,0,0
17333,Spider’s Kiss,inv_misc_monsterspidercarapace_01,"<a class=""whtt-name"" href=""/classic/spell=17333/spiders-kiss""><b class=""whtt-name"">Spider's Kiss</b></a><br />20 yd range<br />Instant<br /><span class=""wowhead-tooltip-requirements"">Requires level 60</span><br />",-1,0,0,,0,0,-100,0,0,0,0,0,0,0,0,0,0,0,0,0,-100,0,0,0,0,0,0,0,0,0,0,0,0,0
13224,Wound Poison IV Effect,inv_misc_herb_16,"<a class=""whtt-name"" href=""/classic/spell=13224/wound-poison""><b class=""whtt-name"">Wound Poison</b></a><br />100 yd range<br />Instant<div class=""wowhead-tooltip-requirements"">Requires Rogue</div><span class=""wowhead-tooltip-requirements"">Requires level 56</span><br />",-1,0,0,,0,0,0,0,0,0,0,0,0,0,0,0,0,0,0,0,0,0,0,0,0,0,0,0,-135,0,0,0,0,0
15258,Shadow Vulnerability,spell_shadow_blackplague,"<a class=""whtt-name"" href=""/classic/spell=15258/shadow-vulnerability""><b class=""whtt-name"">Shadow Vulnerability</b></a><br />100 yd range<br />Instant<div class=""wowhead-tooltip-requirements"">Requires Priest</div>",-1,0,0,,0,0,0,0,0,0,0,0,0,0,0,0,0,0,3,5,0,0,0,0,0,0,0,0,0,0,0,0,0,1
17800,Shadow Vulnerability,spell_shadow_shadowbolt,"<a class=""whtt-name"" href=""/classic/spell=17800/shadow-vulnerability""><b class=""whtt-name"">Shadow Vulnerability</b></a><br />100 yd range<br />Instant<div class=""wowhead-tooltip-requirements"">Requires Warlock</div>",-1,0,0,,0,0,0,0,0,0,0,0,0,0,0,0,0,0,20,5,0,0,0,0,0,0,0,0,0,0,0,0,0,0
22959,Fire Vulnerability,spell_fire_soulburn,"<a class=""whtt-name"" href=""/classic/spell=22959/fire-vulnerability""><b class=""whtt-name"">Fire Vulnerability</b></a><br />100 yd range<br />Instant<div class=""wowhead-tooltip-requirements"">Requires Mage</div>",-1,0,0,,0,0,0,0,0,0,0,0,0,0,0,0,0,0,3,2,0,0,0,0,0,0,0,0,0,0,0,0,0,1
12579,Winter’s Chill,spell_frost_chillingblast,"<a class=""whtt-name"" href=""/classic/spell=12579/winters-chill""><b class=""whtt-name"">Winter's Chill</b></a><br />100 yd range<br />Instant<div class=""wowhead-tooltip-requirements"">Requires Mage</div><span class=""wowhead-tooltip-requirements"">Requires level 1</span><br />",-1,0,0,,0,0,0,0,0,0,0,0,0,0,0,0,0,0,0,0,0,0,0,0,0,0,0,0,0,2,4,0,0,1
11374,Gift of Arthas (debuff),spell_nature_nullifydisease,"<table><tr><td><a class=""whtt-name"" href=""/classic/spell=11374/gift-of-arthas""><b class=""whtt-name"">Gift of Arthas</b></a><br />Melee Range<br />Instant<br /><span class=""wowhead-tooltip-requirements"">Requires level 45</span><br /></td></tr></table><table><tr><td><div class=""q"">Increases physical damage taken by 8 for 3 min</div></td></tr></table>",-1,0,0,,0,0,0,0,0,0,0,0,0,0,0,0,8,0,0,0,0,0,0,0,0,0,0,0,0,0,0,0,0,0
16928,Armor Shatter,inv_axe_12,"<table><tr><td><a class=""whtt-name"" href=""/classic/spell=16928/armor-shatter""><b class=""whtt-name"">Armor Shatter</b></a><div class=""q0"">Item Effect</div>30 yd range<br />Instant<br /><span class=""wowhead-tooltip-requirements"">Requires level 54</span><br /></td></tr></table><table><tr><td><div class=""q"">Reduces an enemy's armor by 200. &nbsp;Stacks up to 3 times.</div></td></tr></table> ",-1,0,0,,0,0,-200,0,0,0,0,0,0,0,0,0,0,0,0,0,0,0,0,0,0,0,0,0,0,0,0,0,0,1
9835,Moonfire,spell_nature_starfall,"<table><tr><td><table width=""100%""><tr><td><a class=""whtt-name"" href=""/classic/spell=9835/moonfire""><b class=""whtt-name"">Moonfire</b></a></td><th><b class=""q0""><br>Level <!--lvl-->60</b></th></tr></table><table width=""100%""><tr><td>375 Mana</td><th>30 yd range</th></tr></table>Instant<div class=""wowhead-tooltip-requirements"">Requires Druid</div><span class=""wowhead-tooltip-requirements"">Requires level 58</span><br /></td></tr></table><table><tr><td><div class=""q"">Burns the enemy for <!--ppl9835:58:63:189:330-->195 to <!--ppl9835:58:63:221:330:1-->228 Arcane damage and then an additional 384 Arcane damage over 12 sec.</div></td></tr></table>",-1,1,0,,0,0,0,0,0,0,0,0,0,0,0,0,0,0,0,0,0,0,0,0,0,0,0,0,0,0,0,0,0,0
9904,Rake,ability_druid_disembowel,"<table><tr><td><a class=""whtt-name"" href=""/classic/spell=9904/rake""><b class=""whtt-name"">Rake</b></a><table width=""100%""><tr><td>40 Energy</td><th>Melee Range</th></tr></table>Instant<div class=""wowhead-tooltip-requirements"">Requires Druid</div><span class=""wowhead-tooltip-requirements"">Requires level 54</span><br /></td></tr></table><table><tr><td><span class=""wowhead-tooltip-requirements"">Requires Cat Form</span><div class=""q"">Rake the target for 58 damage and an additional 96 damage over 9 sec. &nbsp;Awards 1 combo point.</div></td></tr></table>",-1,1,0,,0,0,0,0,0,0,0,0,0,0,0,0,0,0,0,0,0,0,0,0,0,0,0,0,0,0,0,0,0,0
24977,Insect Swarm,spell_nature_insectswarm,"<table><tr><td><a class=""whtt-name"" href=""/classic/spell=24977/insect-swarm""><b class=""whtt-name"">Insect Swarm</b></a><div class=""q0"">Talent</div><table width=""100%""><tr><td>160 Mana</td><th>30 yd range</th></tr></table>Instant<div class=""wowhead-tooltip-requirements"">Requires Druid</div><span class=""wowhead-tooltip-requirements"">Requires level 60</span><br /></td></tr></table><table><tr><td><div class=""q"">The enemy target is swarmed by insects, decreasing their chance to hit by 2% and causing 324 Nature damage over 12 sec.</div></td></tr></table>",-1,0,0,,0,0,0,0,0,0,0,0,0,0,0,0,0,0,0,0,0,0,0,0,0,0,0,0,0,0,0,-2,0,0
10894,Shadow Word: Pain,spell_shadow_shadowwordpain,"<table><tr><td><a class=""whtt-name"" href=""/classic/spell=10894/shadow-word-pain""><b class=""whtt-name"">Shadow Word: Pain</b></a><table width=""100%""><tr><td>470 Mana</td><th>30 yd range</th></tr></table>Instant<div class=""wowhead-tooltip-requirements"">Requires Priest</div><span class=""wowhead-tooltip-requirements"">Requires level 58</span><br /></td></tr></table><table><tr><td><div class=""q"">A word of darkness that causes 852 Shadow damage over 18 sec.</div></td></tr></table>",-1,1,0,,0,0,0,0,0,0,0,0,0,0,0,0,0,0,0,0,0,0,0,0,0,0,0,0,0,0,0,0,0,0
19305,Starshards,spell_arcane_starfire,"<table><tr><td><a class=""whtt-name"" href=""/classic/spell=19305/starshards""><b class=""whtt-name"">Starshards</b></a><table width=""100%""><tr><td>350 Mana</td><th>30 yd range</th></tr></table>Channeled (6 sec cast)<div class=""wowhead-tooltip-requirements"">Requires Priest</div><span class=""wowhead-tooltip-requirements"">Requires level 58</span><br /></td></tr></table><table><tr><td><div class=""q"">Rains starshards down on the enemy target's head, causing 936 Arcane damage over 6 sec.</div></td></tr></table>",-1,1,0,,0,0,0,0,0,0,0,0,0,0,0,0,0,0,0,0,0,0,0,0,0,0,0,0,0,0,0,0,0,0
18807,Mind Flay,spell_shadow_siphonmana,"<table><tr><td><a class=""whtt-name"" href=""/classic/spell=18807/mind-flay""><b class=""whtt-name"">Mind Flay</b></a><div class=""q0"">Talent</div><table width=""100%""><tr><td>205 Mana</td><th>20 yd range</th></tr></table>Channeled (3 sec cast)<div class=""wowhead-tooltip-requirements"">Requires Priest</div><span class=""wowhead-tooltip-requirements"">Requires level 60</span><br /></td></tr></table><table><tr><td><div class=""q"">Assault the target's mind with Shadow energy, causing 426 Shadow damage over 3 sec and slowing their movement speed by 50%.</div></td></tr></table>",-1,1,0,,0,0,0,0,0,0,0,0,0,0,0,0,0,0,0,0,-50,0,0,0,0,0,0,0,0,0,0,0,0,0
10161,Cone of Cold,spell_frost_glacier,"<table><tr><td><a class=""whtt-name"" href=""/classic/spell=10161/cone-of-cold""><b class=""whtt-name"">Cone of Cold</b></a><br />555 Mana<table width=""100%""><tr><td>Instant</td><th><!--cooldownText-->10 sec cooldown<!--cooldownText--><!--baseCooldown:10 sec cooldown--></th></tr></table><div class=""wowhead-tooltip-requirements"">Requires Mage</div><span class=""wowhead-tooltip-requirements"">Requires level 58</span><br /></td></tr></table><table><tr><td><div class=""q"">Targets in a cone in front of the caster take 335 to 365&nbsp;Frost damage and are slowed by 50% for 8 sec.</div></td></tr></table>",-1,0,0,,0,0,0,0,0,0,0,0,0,0,0,0,0,0,0,0,-50,0,0,0,0,0,0,0,0,0,0,0,0,0
10187,Blizzard,spell_frost_icestorm,"<table><tr><td><table width=""100%""><tr><td><a class=""whtt-name"" href=""/classic/spell=10187/blizzard""><b class=""whtt-name"">Blizzard</b></a></td><th><b class=""q0""><br>Level <!--lvl-->60</b></th></tr></table><table width=""100%""><tr><td>1400 Mana</td><th>30 yd range</th></tr></table>Channeled (8 sec cast)<div class=""wowhead-tooltip-requirements"">Requires Mage</div><span class=""wowhead-tooltip-requirements"">Requires level 60</span><br /></td></tr></table><table><tr><td><div class=""q"">Ice shards pelt the target area doing 1192 Frost damage over 8 sec.</div></td></tr></table>",-1,0,0,,0,0,0,0,0,0,0,0,0,0,0,0,0,0,0,0,0,0,0,0,0,0,0,0,0,0,0,0,0,0
13021,Blast Wave,spell_holy_excorcism_02,"<table><tr><td><table width=""100%""><tr><td><a class=""whtt-name"" href=""/classic/spell=13021/blast-wave""><b class=""whtt-name"">Blast Wave</b></a></td><th><b class=""q0""><br>Level <!--lvl-->60</b></th></tr></table><div class=""q0"">Talent</div>545 Mana<table width=""100%""><tr><td>Instant</td><th><!--cooldownText-->45 sec cooldown<!--cooldownText--><!--baseCooldown:45 sec cooldown--></th></tr></table><div class=""wowhead-tooltip-requirements"">Requires Mage</div><span class=""wowhead-tooltip-requirements"">Requires level 60</span><br /></td></tr></table><table><tr><td><div class=""q"">A wave of flame radiates outward from the caster, damaging all enemies caught within the blast for <!--ppl13021:60:66:462:190-->462 to <!--ppl13021:60:66:544:190:1-->544 Fire damage, and dazing them for 6 sec.</div></td></tr></table>",-1,0,0,,0,0,0,0,0,0,0,0,0,0,0,0,0,0,0,0,0,0,0,0,0,0,0,0,0,0,0,0,0,0
603,Curse of Doom,spell_shadow_auraofdarkness,"<table><tr><td><a class=""whtt-name"" href=""/classic/spell=603/curse-of-doom""><b class=""whtt-name"">Curse of Doom</b></a><table width=""100%""><tr><td>300 Mana</td><th>30 yd range</th></tr></table><table width=""100%""><tr><td>Instant</td><th><!--cooldownText-->1 min cooldown<!--cooldownText--><!--baseCooldown:1 min cooldown--></th></tr></table><div class=""wowhead-tooltip-requirements"">Requires Warlock</div><span class=""wowhead-tooltip-requirements"">Requires level 60</span><br /></td></tr></table><table><tr><td><div class=""q"">Curses the target with impending doom, causing 3200 Shadow damage after 1 min. &nbsp;If the target dies from this damage, there is a chance that a Doomguard will be summoned. &nbsp;Cannot be cast on players.</div></td></tr></table>",-1,1,0,,0,0,0,0,0,0,0,0,0,0,0,0,0,0,0,0,0,0,0,0,0,0,0,0,0,0,0,0,0,0
11675,Drain Soul,spell_shadow_haunting,"<table><tr><td><a class=""whtt-name"" href=""/classic/spell=11675/drain-soul""><b class=""whtt-name"">Drain Soul</b></a><table width=""100%""><tr><td>290 Mana</td><th>30 yd range</th></tr></table>Channeled (15 sec cast)<div class=""wowhead-tooltip-requirements"">Requires Warlock</div><span class=""wowhead-tooltip-requirements"">Requires level 52</span><br /></td></tr></table><table><tr><td><div class=""q"">Drains the soul of the target, causing 455 Shadow damage over 15 sec. &nbsp;If the target dies while being drained, and yields experience or honor, the caster gains a Soul Shard. &nbsp;Soul Shards are required for other spells.</div></td></tr></table>",-1,1,0,,0,0,0,0,0,0,0,0,0,0,0,0,0,0,0,0,0,0,0,0,0,0,0,0,0,0,0,0,0,0
11700,Drain Life,spell_shadow_lifedrain02,"<table><tr><td><a class=""whtt-name"" href=""/classic/spell=11700/drain-life""><b class=""whtt-name"">Drain Life</b></a><table width=""100%""><tr><td>300 Mana</td><th>20 yd range</th></tr></table>Channeled (5 sec cast)<div class=""wowhead-tooltip-requirements"">Requires Warlock</div><span class=""wowhead-tooltip-requirements"">Requires level 54</span><br /></td></tr></table><table><tr><td><div class=""q"">Transfers 71 health every second from the target to the caster. &nbsp;Lasts 5 sec.</div></td></tr></table>",-1,1,0,,0,0,0,0,0,0,0,0,0,0,0,0,0,0,0,0,0,0,0,0,0,0,0,0,0,0,0,0,0,0
11704,Drain Mana,spell_shadow_siphonmana,"<table><tr><td><table width=""100%""><tr><td><a class=""whtt-name"" href=""/classic/spell=11704/drain-mana""><b class=""whtt-name"">Drain Mana</b></a></td><th><b class=""q0""><br>Level <!--lvl-->60</b></th></tr></table><table width=""100%""><tr><td>310 Mana</td><th>20 yd range</th></tr></table>Channeled (5 sec cast)<div class=""wowhead-tooltip-requirements"">Requires Warlock</div><span class=""wowhead-tooltip-requirements"">Requires level 54</span><br /></td></tr></table><table><tr><td><div class=""q"">Transfers <!--ppl11704:54:59:136:70:1-->140 Mana every 1 sec from the target to the caster. &nbsp;Lasts 5 sec.</div></td></tr></table>",-1,1,0,,0,0,0,0,0,0,0,0,0,0,0,0,0,0,0,0,0,0,0,0,0,0,0,0,0,0,0,0,0,0
11713,Curse of Agony,spell_shadow_curseofsargeras,"<table><tr><td><a class=""whtt-name"" href=""/classic/spell=11713/curse-of-agony""><b class=""whtt-name"">Curse of Agony</b></a><table width=""100%""><tr><td>215 Mana</td><th>30 yd range</th></tr></table>Instant<div class=""wowhead-tooltip-requirements"">Requires Warlock</div><span class=""wowhead-tooltip-requirements"">Requires level 58</span><br /></td></tr></table><table><tr><td><div class=""q"">Curses the target with agony, causing 1044 Shadow damage over 24 sec. &nbsp;This damage is dealt slowly at first, and builds up as the Curse reaches its full duration. &nbsp;Only one Curse per Warlock can be active on any one target.</div></td></tr></table>",-1,1,0,,0,0,0,0,0,0,0,0,0,0,0,0,0,0,0,0,0,0,0,0,0,0,0,0,0,0,0,0,0,0
17926,Death Coil,spell_shadow_deathcoil,"<table><tr><td><table width=""100%""><tr><td><a class=""whtt-name"" href=""/classic/spell=17926/death-coil""><b class=""whtt-name"">Death Coil</b></a></td><th><b class=""q0""><br>Level <!--lvl-->60</b></th></tr></table><table width=""100%""><tr><td>565 Mana</td><th>30 yd range</th></tr></table><table width=""100%""><tr><td>Instant</td><th><!--cooldownText-->2 min cooldown<!--cooldownText--><!--baseCooldown:2 min cooldown--></th></tr></table><div class=""wowhead-tooltip-requirements"">Requires Warlock</div><span class=""wowhead-tooltip-requirements"">Requires level 58</span><br /></td></tr></table><table><tr><td><div class=""q"">Causes the enemy target to run in horror for 3 sec and causes <!--ppl17926:58:64:470:300:1-->476 Shadow damage. &nbsp;The caster gains 100% of the damage caused in health.</div></td></tr></table>",-1,0,0,,0,0,0,0,0,0,0,0,0,0,0,0,0,0,0,0,0,0,0,0,0,0,0,0,0,0,0,0,0,0
18881,Siphon Life,spell_shadow_requiem,"<table><tr><td><a class=""whtt-name"" href=""/classic/spell=18881/siphon-life""><b class=""whtt-name"">Siphon Life</b></a><div class=""q0"">Talent</div><table width=""100%""><tr><td>365 Mana</td><th>30 yd range</th></tr></table>Instant<div class=""wowhead-tooltip-requirements"">Requires Warlock</div><span class=""wowhead-tooltip-requirements"">Requires level 58</span><br /></td></tr></table><table><tr><td><div class=""q"">Transfers 45 health from the target to the caster every 3 sec. &nbsp;Lasts 30 sec.</div></td></tr></table>",-1,1,0,,0,0,0,0,0,0,0,0,0,0,0,0,0,0,0,0,0,0,0,0,0,0,0,0,0,0,0,0,0,0
11275,Rupture,ability_rogue_rupture,"<table><tr><td><a class=""whtt-name"" href=""/classic/spell=11275/rupture""><b class=""whtt-name"">Rupture</b></a><table width=""100%""><tr><td>25 Energy</td><th>Melee Range</th></tr></table>Instant<div class=""wowhead-tooltip-requirements"">Requires Rogue</div><span class=""wowhead-tooltip-requirements"">Requires level 60</span><br /></td></tr></table><table><tr><td><span class=""wowhead-tooltip-requirements"">Requires Melee Weapon</span><div class=""q"">Finishing move that causes damage over time, increased by your Attack Power. &nbsp;Lasts longer per combo point:<br /> &nbsp; 1 point &nbsp;: 272 damage over 8 secs<br /> &nbsp; 2 points: 380 damage over 10 secs<br /> &nbsp; 3 points: 504 damage over 12 secs<br /> &nbsp; 4 points: 644 damage over 14 secs<br /> &nbsp; 5 points: 800 damage over 16 secs</div></td></tr></table>",-1,1,0,,0,0,0,0,0,0,0,0,0,0,0,0,0,0,0,0,0,0,0,0,0,0,0,0,0,0,0,0,0,0
11574,Rend,ability_gouge,"<table><tr><td><a class=""whtt-name"" href=""/classic/spell=11574/rend""><b class=""whtt-name"">Rend</b></a><table width=""100%""><tr><td>10 Rage</td><th>Melee Range</th></tr></table>Instant cast<div class=""wowhead-tooltip-requirements"">Requires Warrior</div><span class=""wowhead-tooltip-requirements"">Requires level 60</span><br /></td></tr></table><table><tr><td><span class=""wowhead-tooltip-requirements"">Requires Melee Weapon</span><br /><span class=""wowhead-tooltip-requirements"">Requires Battle Stance, Defensive Stance</span><div class=""q"">Wounds the target causing them to bleed for 147 damage over 21 sec.</div></td></tr></table>",-1,1,0,,0,0,0,0,0,0,0,0,0,0,0,0,0,0,0,0,0,0,0,0,0,0,0,0,0,0,0,0,0,0
11581,Thunder Clap,spell_nature_thunderclap,"<table><tr><td><a class=""whtt-name"" href=""/classic/spell=11581/thunder-clap""><b class=""whtt-name"">Thunder Clap</b></a><br />20 Rage<table width=""100%""><tr><td>Instant cast</td><th><!--cooldownText-->4 sec cooldown<!--cooldownText--><!--baseCooldown:4 sec cooldown--></th></tr></table><div class=""wowhead-tooltip-requirements"">Requires Warrior</div><span class=""wowhead-tooltip-requirements"">Requires level 58</span><br /></td></tr></table><table><tr><td><span class=""wowhead-tooltip-requirements"">Requires Battle Stance</span><div class=""q"">Blasts nearby enemies with thunder increasing the time between their attacks by 10% for 30 sec and doing 103 damage to them. &nbsp;Will affect up to 4 targets.</div></td></tr></table>",-1,0,0,,0,0,0,0,0,0,0,0,0,0,0,-10,0,0,0,0,0,0,0,0,0,0,0,0,0,0,0,0,0,0
25309,Immolate,spell_fire_immolation,"<table><tr><td><table width=""100%""><tr><td><a class=""whtt-name"" href=""/classic/spell=25309/immolate""><b class=""whtt-name"">Immolate</b></a></td><th><b class=""q0""><br>Level <!--lvl-->60</b></th></tr></table><table width=""100%""><tr><td>380 Mana</td><th>30 yd range</th></tr></table>2 sec cast<div class=""wowhead-tooltip-requirements"">Requires Warlock</div><span class=""wowhead-tooltip-requirements"">Requires level 60</span><br /></td></tr></table><table><tr><td><div class=""q"">Burns the enemy for 279 Fire damage and then an additional 510 Fire damage over 15 sec.</div></td></tr></table>",-1,1,0,,0,0,0,0,0,0,0,0,0,0,0,0,0,0,0,0,0,0,0,0,0,0,0,0,0,0,0,0,0,0
25311,Corruption,spell_shadow_abominationexplosion,"<table><tr><td><a class=""whtt-name"" href=""/classic/spell=25311/corruption""><b class=""whtt-name"">Corruption</b></a><table width=""100%""><tr><td>340 Mana</td><th>30 yd range</th></tr></table>2 sec cast<div class=""wowhead-tooltip-requirements"">Requires Warlock</div><span class=""wowhead-tooltip-requirements"">Requires level 60</span><br /></td></tr></table><table><tr><td><div class=""q"">Corrupts the target, causing 822 Shadow damage over 18 sec.</div></td></tr></table>",-1,1,0,,0,0,0,0,0,0,0,0,0,0,0,0,0,0,0,0,0,0,0,0,0,0,0,0,0,0,0,0,0,0
25304,Frostbolt,spell_frost_frostbolt02,"<table><tr><td><a class=""whtt-name"" href=""/classic/spell=25304/frostbolt""><b class=""whtt-name"">Frostbolt</b></a><table width=""100%""><tr><td>290 Mana</td><th>30 yd range</th></tr></table>3 sec cast<div class=""wowhead-tooltip-requirements"">Requires Mage</div><span class=""wowhead-tooltip-requirements"">Requires level 60</span><br /></td></tr></table><table><tr><td><div class=""q"">Launches a bolt of frost at the enemy, causing 515 to 555 &nbsp;Frost damage and slowing movement speed by 40% for 9 sec.</div></td></tr></table>",-1,0,0,,0,0,0,0,0,0,0,0,0,0,0,0,0,0,0,0,-40,0,0,0,0,0,0,0,0,0,0,0,0,0
14277,Scorpid Sting,ability_hunter_criticalshot,"<table><tr><td><a class=""whtt-name"" href=""/classic/spell=14277/scorpid-sting""><b class=""whtt-name"">Scorpid Sting</b></a><table width=""100%""><tr><td>165 Mana</td><th>8 - 35 yd range</th></tr></table><div class=""wowhead-tooltip-requirements"">Requires Hunter</div><span class=""wowhead-tooltip-requirements"">Requires level 52</span><br /></td></tr></table><table><tr><td><span class=""wowhead-tooltip-requirements"">Requires Ranged Weapon</span><div class=""q"">Stings the target, reducing Strength and Agility by 68 for 20 sec. &nbsp;Only one Sting per Hunter can be active on any one target.</div></td></tr></table>",-1,1,0,,0,0,0,0,0,0,0,0,0,0,0,0,0,0,0,0,0,0,0,-68,-68,0,0,0,0,0,0,0,0,0
14280,Viper Sting,ability_hunter_aimedshot,"<table><tr><td><a class=""whtt-name"" href=""/classic/spell=14280/viper-sting""><b class=""whtt-name"">Viper Sting</b></a><table width=""100%""><tr><td>215 Mana</td><th>8 - 35 yd range</th></tr></table><div class=""wowhead-tooltip-requirements"">Requires Hunter</div><span class=""wowhead-tooltip-requirements"">Requires level 56</span><br /></td></tr></table><table><tr><td><span class=""wowhead-tooltip-requirements"">Requires Ranged Weapon</span><div class=""q"">Stings the target, draining 1108 mana over 8 sec. &nbsp;Only one Sting per Hunter can be active on any one target.</div></td></tr></table>",-1,1,0,,0,0,0,0,0,0,0,0,0,0,0,0,0,0,0,0,0,0,0,0,0,0,0,0,0,0,0,0,0,0
25295,Serpent Sting,ability_hunter_quickshot,"<table><tr><td><a class=""whtt-name"" href=""/classic/spell=25295/serpent-sting""><b class=""whtt-name"">Serpent Sting</b></a><table width=""100%""><tr><td>250 Mana</td><th>8 - 35 yd range</th></tr></table><div class=""wowhead-tooltip-requirements"">Requires Hunter</div><span class=""wowhead-tooltip-requirements"">Requires level 60</span><br /></td></tr></table><table><tr><td><span class=""wowhead-tooltip-requirements"">Requires Ranged Weapon</span><div class=""q"">Stings the target, causing 555 Nature damage over 15 sec. &nbsp;Only one Sting per Hunter can be active on any one target.</div></td></tr></table>",-1,1,0,,0,0,0,0,0,0,0,0,0,0,0,0,0,0,0,0,0,0,0,0,0,0,0,0,0,0,0,0,0,0
15261,Holy Fire,spell_holy_searinglight,"<table><tr><td><table width=""100%""><tr><td><a class=""whtt-name"" href=""/classic/spell=15261/holy-fire""><b class=""whtt-name"">Holy Fire</b></a></td><th><b class=""q0""><br>Level <!--lvl-->60</b></th></tr></table><table width=""100%""><tr><td>255 Mana</td><th>30 yd range</th></tr></table>3.5 sec cast<div class=""wowhead-tooltip-requirements"">Requires Priest</div><span class=""wowhead-tooltip-requirements"">Requires level 60</span><br /></td></tr></table><table><tr><td><div class=""q"">Consumes the enemy in holy flames that cause <!--ppl15261:60:66:355:340-->355 to <!--ppl15261:60:66:449:340:1-->449 Holy damage and an additional 145 Holy damage over 10 sec.</div></td></tr></table>",-1,1,0,,0,0,0,0,0,0,0,0,0,0,0,0,0,0,0,0,0,0,0,0,0,0,0,0,0,0,0,0,0,0
25306,Fireball,spell_fire_flamebolt,"<table><tr><td><table width=""100%""><tr><td><a class=""whtt-name"" href=""/classic/spell=25306/fireball""><b class=""whtt-name"">Fireball</b></a></td><th><b class=""q0""><br>Level <!--lvl-->60</b></th></tr></table><table width=""100%""><tr><td>410 Mana</td><th>35 yd range</th></tr></table>3.5 sec cast<div class=""wowhead-tooltip-requirements"">Requires Mage</div><span class=""wowhead-tooltip-requirements"">Requires level 60</span><br /></td></tr></table><table><tr><td><div class=""q"">Hurls a fiery ball that causes <!--ppl25306:60:64:596:380-->596 to <!--ppl25306:60:64:760:380:1-->760 Fire damage and an additional 76 Fire damage over 8 sec.</div></td></tr></table>",-1,1,0,,0,0,0,0,0,0,0,0,0,0,0,0,0,0,0,0,0,0,0,0,0,0,0,0,0,0,0,0,0,0
18809,Pyroblast,spell_fire_fireball02,"<table><tr><td><table width=""100%""><tr><td><a class=""whtt-name"" href=""/classic/spell=18809/pyroblast""><b class=""whtt-name"">Pyroblast</b></a></td><th><b class=""q0""><br>Level <!--lvl-->60</b></th></tr></table><div class=""q0"">Talent</div><table width=""100%""><tr><td>440 Mana</td><th>35 yd range</th></tr></table>6 sec cast<div class=""wowhead-tooltip-requirements"">Requires Mage</div><span class=""wowhead-tooltip-requirements"">Requires level 60</span><br /></td></tr></table><table><tr><td><div class=""q"">Hurls an immense fiery boulder that causes <!--ppl18809:60:66:716:460-->716 to <!--ppl18809:60:66:890:460:1-->890 Fire damage and an additional 268 Fire damage over 12 sec.</div></td></tr></table>",-1,1,0,,0,0,0,0,0,0,0,0,0,0,0,0,0,0,0,0,0,0,0,0,0,0,0,0,0,0,0,0,0,0
21553,Mortal Strike,ability_warrior_savageblow,"<table><tr><td><a class=""whtt-name"" href=""/classic/spell=21553/mortal-strike""><b class=""whtt-name"">Mortal Strike</b></a><div class=""q0"">Talent</div><table width=""100%""><tr><td>30 Rage</td><th>Melee Range</th></tr></table><table width=""100%""><tr><td>Instant cast</td><th><!--cooldownText-->6 sec cooldown<!--cooldownText--><!--baseCooldown:6 sec cooldown--></th></tr></table><div class=""wowhead-tooltip-requirements"">Requires Warrior</div><span class=""wowhead-tooltip-requirements"">Requires level 60</span><br /></td></tr></table><table><tr><td><span class=""wowhead-tooltip-requirements"">Requires Melee Weapon</span><div class=""q"">A vicious strike that deals weapon damage plus 160 and wounds the target, reducing the effectiveness of any healing by 50% for 10 sec.</div></td></tr></table>",-1,0,0,,0,0,0,0,0,0,0,0,0,0,0,0,0,0,0,0,0,0,0,0,0,0,0,0,0,0,0,0,-50,0
21961,Wound,ability_gouge,"<table><tr><td><a class=""whtt-name"" href=""/classic/spell=21961/wound""><b class=""whtt-name"">Wound</b></a><div class=""q0"">Item Effect</div>Melee Range<br />Instant<br /><span class=""wowhead-tooltip-requirements"">Requires level 50</span><br /></td></tr></table><table><tr><td><div class=""q"">Wounds the target for 160 damage and lowers their armor by 100.</div></td></tr></table>",-1,0,0,,0,0,-100,0,0,0,0,0,0,0,0,0,0,0,0,0,0,0,0,0,0,0,0,0,0,0,0,0,0,0
21949,Rend,ability_gouge,"<table><tr><td><a class=""whtt-name"" href=""/classic/spell=21949/rend""><b class=""whtt-name"">Rend</b></a><div class=""q0"">Item Effect</div>Melee Range<br />Instant<br /><span class=""wowhead-tooltip-requirements"">Requires level 50</span><br /></td></tr></table><table><tr><td><div class=""q"">Wounds the target causing them to bleed for 230 damage over 30 sec.</div></td></tr></table>",-1,1,0,,0,0,0,0,0,0,0,0,0,0,0,0,0,0,0,0,0,0,0,0,0,0,0,0,0,0,0,0,0,0
21162,Fireball,spell_fire_firebolt02,"<table><tr><td><a class=""whtt-name"" href=""/classic/spell=21162/fireball""><b class=""whtt-name"">Fireball</b></a><div class=""q0"">Item Effect</div><table width=""100%""><tr><td>45 Mana</td><th>35 yd range</th></tr></table>2 sec cast<div class=""wowhead-tooltip-requirements"">Requires Mage</div><span class=""wowhead-tooltip-requirements"">Requires level 63</span><br /></td></tr></table><table><tr><td><div class=""q"">Hurls a fiery ball that causes 273 to 333 Fire damage and an additional 75 damage over 10 sec.</div></td></tr></table>",-1,1,0,,0,0,0,0,0,0,0,0,0,0,0,0,0,0,0,0,0,0,0,0,0,0,0,0,0,0,0,0,0,0
21151,Gutgore Ripper,spell_shadow_shadowbolt,"<table><tr><td><a class=""whtt-name"" href=""/classic/spell=21151/gutgore-ripper""><b class=""whtt-name"">Gutgore Ripper</b></a><div class=""q0"">Item Effect</div><table width=""100%""><tr><td>40 Mana</td><th>30 yd range</th></tr></table>Instant<br /><span class=""wowhead-tooltip-requirements"">Requires level 60</span><br /></td></tr></table><table><tr><td><div class=""q"">Sends a shadowy bolt at the enemy causing 75 Shadow damage and lowering all stats by 25 for 30 sec.</div></td></tr></table>",-1,0,0,,0,0,0,0,0,0,0,0,0,0,0,0,0,0,0,0,0,0,-25,-25,-25,-25,-25,0,0,0,0,0,0,0
20586,Windreaper,spell_nature_earthbind,"<table><tr><td><a class=""whtt-name"" href=""/classic/spell=20586/windreaper""><b class=""whtt-name"">Windreaper</b></a><div class=""q0"">Item Effect</div>Melee Range<br />Instant<br /><span class=""wowhead-tooltip-requirements"">Requires level 60</span><br /></td></tr></table><table><tr><td><div class=""q"">Inflicts Nature damage every 2 sec for 20 sec.</div></td></tr></table>",-1,1,0,,0,0,0,0,0,0,0,0,0,0,0,0,0,0,0,0,0,0,0,0,0,0,0,0,0,0,0,0,0,0
18656,Corruption,spell_shadow_abominationexplosion,"<table><tr><td><a class=""whtt-name"" href=""/classic/spell=18656/corruption""><b class=""whtt-name"">Corruption</b></a><div class=""q0"">Item Effect</div>30 yd range<br />2 sec cast<br /><span class=""wowhead-tooltip-requirements"">Requires level 60</span><br /></td></tr></table><table><tr><td><div class=""q"">Corrupts the target, causing 210 damage over 3 sec.</div></td></tr></table>",-1,1,0,,0,0,0,0,0,0,0,0,0,0,0,0,0,0,0,0,0,0,0,0,0,0,0,0,0,0,0,0,0,0
18652,Siphon Health,spell_nature_removecurse,"<table><tr><td><a class=""whtt-name"" href=""/classic/spell=18652/siphon-health""><b class=""whtt-name"">Siphon Health</b></a><div class=""q0"">Item Effect</div>30 yd range<br />Instant<br /><span class=""wowhead-tooltip-requirements"">Requires level 60</span><br /></td></tr></table><table><tr><td><div class=""q"">Deals 30 Shadow damage every 3 sec for 15 sec. All damage done is then transferred to the caster.</div></td></tr></table>",-1,1,0,,0,0,0,0,0,0,0,0,0,0,0,0,0,0,0,0,0,0,0,0,0,0,0,0,0,0,0,0,0,0
18633,Weakening Disease,spell_shadow_abominationexplosion,"<table><tr><td><a class=""whtt-name"" href=""/classic/spell=18633/weakening-disease""><b class=""whtt-name"">Weakening Disease</b></a><div class=""q0"">Item Effect</div>Melee Range<br />Instant<br /><span class=""wowhead-tooltip-requirements"">Requires level 60</span><br /></td></tr></table><table><tr><td><div class=""q"">Deals 8 Shadow damage every 2 sec for 30 sec and lowers their Strength for the duration of the disease.</div></td></tr></table>",-1,0,0,,0,0,0,0,0,0,0,0,0,0,0,0,0,0,0,0,0,0,0,-50,0,0,0,0,0,0,0,0,0,0
18289,Creeping Mold,spell_holy_harmundeadaura,"<table><tr><td><a class=""whtt-name"" href=""/classic/spell=18289/creeping-mold""><b class=""whtt-name"">Creeping Mold</b></a><div class=""q0"">Item Effect</div>Melee Range<table width=""100%""><tr><td>Instant</td><th><!--cooldownText-->30 sec cooldown<!--cooldownText--><!--baseCooldown:30 sec cooldown--></th></tr></table><span class=""wowhead-tooltip-requirements"">Requires level 60</span><br /></td></tr></table><table><tr><td><div class=""q"">Diseases target enemy for 55 Nature damage every 3 sec for 15 sec.</div></td></tr></table>",-1,1,0,,0,0,0,0,0,0,0,0,0,0,0,0,0,0,0,0,0,0,0,0,0,0,0,0,0,0,0,0,0,0
18202,Rend,ability_gouge,"<table><tr><td><a class=""whtt-name"" href=""/classic/spell=18202/rend""><b class=""whtt-name"">Rend</b></a><div class=""q0"">Item Effect</div>Melee Range<br />Instant<br /><span class=""wowhead-tooltip-requirements"">Requires level 50</span><br /></td></tr></table><table><tr><td><div class=""q"">Wounds the target causing them to bleed for 110 damage over 30 sec.</div></td></tr></table>",-1,1,0,,0,0,0,0,0,0,0,0,0,0,0,0,0,0,0,0,0,0,0,0,0,0,0,0,0,0,0,0,0,0
17506,Soul Breaker,spell_shadow_haunting,"<table><tr><td><a class=""whtt-name"" href=""/classic/spell=17506/soul-breaker""><b class=""whtt-name"">Soul Breaker</b></a><div class=""q0"">Item Effect</div>30 yd range<br />2 sec cast<br /><span class=""wowhead-tooltip-requirements"">Requires level 40</span><br /></td></tr></table><table><tr><td><div class=""q"">Target enemy loses 12 health and mana every 3 sec for 30 sec.</div></td></tr></table>",-1,1,0,,0,0,0,0,0,0,0,0,0,0,0,0,0,0,0,0,0,0,0,0,0,0,0,0,0,0,0,0,0,0
17484,Skullforge Brand,spell_shadow_gathershadows,"<table><tr><td><a class=""whtt-name"" href=""/classic/spell=17484/skullforge-brand""><b class=""whtt-name"">Skullforge Brand</b></a><div class=""q0"">Item Effect</div>Melee Range<br />Instant<br /><span class=""wowhead-tooltip-requirements"">Requires level 40</span><br /></td></tr></table><table><tr><td><div class=""q"">Drains target for 2 Shadow damage every 1 sec and transfers it to the caster. Lasts for 30 sec.</div></td></tr></table>",-1,1,0,,0,0,0,0,0,0,0,0,0,0,0,0,0,0,0,0,0,0,0,0,0,0,0,0,0,0,0,0,0,0
17483,Shadow Bolt,spell_shadow_deathcoil,"<table><tr><td><a class=""whtt-name"" href=""/classic/spell=17483/shadow-bolt""><b class=""whtt-name"">Shadow Bolt</b></a><div class=""q0"">Item Effect</div><table width=""100%""><tr><td>40 Mana</td><th>30 yd range</th></tr></table>Instant<br /><span class=""wowhead-tooltip-requirements"">Requires level 30</span><br /></td></tr></table><table><tr><td><div class=""q"">Sends a shadowy bolt at the enemy causing 150 Shadow damage and dealing 40 damage every 2 sec for 6 sec.</div></td></tr></table>",-1,1,0,,0,0,0,0,0,0,0,0,0,0,0,0,0,0,0,0,0,0,0,0,0,0,0,0,0,0,0,0,0,0
17330,Poison,spell_nature_corrosivebreath,"<table><tr><td><a class=""whtt-name"" href=""/classic/spell=17330/poison""><b class=""whtt-name"">Poison</b></a><div class=""q0"">Item Effect</div>30 yd range<br />Instant<br /><span class=""wowhead-tooltip-requirements"">Requires level 60</span><br /></td></tr></table><table><tr><td><div class=""q"">Poisons target for 20 Nature damage every 2 sec for 20 sec.</div></td></tr></table>",-1,1,0,,0,0,0,0,0,0,0,0,0,0,0,0,0,0,0,0,0,0,0,0,0,0,0,0,0,0,0,0,0,0
17196,Seeping Willow,spell_nature_corrosivebreath,"<table><tr><td><a class=""whtt-name"" href=""/classic/spell=17196/seeping-willow""><b class=""whtt-name"">Seeping Willow</b></a><div class=""q0"">Item Effect</div>1 sec cast<br /><span class=""wowhead-tooltip-requirements"">Requires level 60</span><br /></td></tr></table><table><tr><td><div class=""q"">Lowers all stats by 20 and deals 20 Nature damage every 3 sec to all enemies within an 8 yard radius of the caster for 30 sec.</div></td></tr></table>",-1,1,0,,0,0,0,0,0,0,0,0,0,0,0,0,0,0,0,0,0,0,0,0,0,0,0,0,0,0,0,0,0,0
16528,Numbing Pain,spell_nature_corrosivebreath,"<table><tr><td><a class=""whtt-name"" href=""/classic/spell=16528/numbing-pain""><b class=""whtt-name"">Numbing Pain</b></a><div class=""q0"">Item Effect</div>30 yd range<br />1.5 sec cast<br /><span class=""wowhead-tooltip-requirements"">Requires level 60</span><br /></td></tr></table><table><tr><td><div class=""q"">Inflicts numbing pain that deals 10 Nature damage every 2 sec and increases time between target's attacks by 10% for 10 sec.</div></td></tr></table>",-1,0,0,,0,0,0,0,0,0,0,0,0,0,0,-10,0,0,0,0,0,0,0,0,0,0,0,0,0,0,0,0,0,0
16413,Fireball,spell_fire_firebolt02,"<table><tr><td><a class=""whtt-name"" href=""/classic/spell=16413/fireball""><b class=""whtt-name"">Fireball</b></a><div class=""q0"">Item Effect</div><table width=""100%""><tr><td>45 Mana</td><th>35 yd range</th></tr></table>2 sec cast<div class=""wowhead-tooltip-requirements"">Requires Mage</div><span class=""wowhead-tooltip-requirements"">Requires level 55</span><br /></td></tr></table><table><tr><td><div class=""q"">Hurls a fiery ball that causes 70 Fire damage and an additional 9 damage over 6 sec.</div></td></tr></table>",-1,1,0,,0,0,0,0,0,0,0,0,0,0,0,0,0,0,0,0,0,0,0,0,0,0,0,0,0,0,0,0,0,0
15662,Fireball,spell_fire_firebolt02,"<table><tr><td><a class=""whtt-name"" href=""/classic/spell=15662/fireball""><b class=""whtt-name"">Fireball</b></a><div class=""q0"">Item Effect</div><table width=""100%""><tr><td>45 Mana</td><th>35 yd range</th></tr></table>2 sec cast<div class=""wowhead-tooltip-requirements"">Requires Mage</div><span class=""wowhead-tooltip-requirements"">Requires level 30</span><br /></td></tr></table><table><tr><td><div class=""q"">Hurls a fiery ball that causes 135 Fire damage and an additional 15 damage over 6 sec.</div></td></tr></table>",-1,1,0,,0,0,0,0,0,0,0,0,0,0,0,0,0,0,0,0,0,0,0,0,0,0,0,0,0,0,0,0,0,0
14118,Rend,ability_gouge,"<table><tr><td><a class=""whtt-name"" href=""/classic/spell=14118/rend""><b class=""whtt-name"">Rend</b></a><div class=""q0"">Item Effect</div>Melee Range<br />Instant<br /><span class=""wowhead-tooltip-requirements"">Requires level 50</span><br /></td></tr></table><table><tr><td><div class=""q"">Wounds the target causing them to bleed for 150 damage over 30 sec.</div></td></tr></table>",-1,1,0,,0,0,0,0,0,0,0,0,0,0,0,0,0,0,0,0,0,0,0,0,0,0,0,0,0,0,0,0,0,0
13526,Corrosive Poison,spell_nature_corrosivebreath,"<table><tr><td><a class=""whtt-name"" href=""/classic/spell=13526/corrosive-poison""><b class=""whtt-name"">Corrosive Poison</b></a><div class=""q0"">Item Effect</div>30 yd range<br />Instant<br /><span class=""wowhead-tooltip-requirements"">Requires level 30</span><br /></td></tr></table><table><tr><td><div class=""q"">Corrosive acid that deals 7 Nature damage every 3 sec and lowers target's armor by 50 for 30 sec.</div></td></tr></table>",-1,0,0,,0,0,-50,0,0,0,0,0,0,0,0,0,0,0,0,0,0,0,0,0,0,0,0,0,0,0,0,0,0,0
13318,Rend,ability_gouge,"<table><tr><td><a class=""whtt-name"" href=""/classic/spell=13318/rend""><b class=""whtt-name"">Rend</b></a><div class=""q0"">Item Effect</div>Melee Range<br />Instant<br /><span class=""wowhead-tooltip-requirements"">Requires level 50</span><br /></td></tr></table><table><tr><td><div class=""q"">Wounds the target causing them to bleed for 100 damage over 30 sec.</div></td></tr></table>",-1,1,0,,0,0,0,0,0,0,0,0,0,0,0,0,0,0,0,0,0,0,0,0,0,0,0,0,0,0,0,0,0,0
18203,Poison,spell_nature_corrosivebreath,"<table><tr><td><a class=""whtt-name"" href=""/classic/spell=18203/poison""><b class=""whtt-name"">Poison</b></a><div class=""q0"">Item Effect</div>Melee Range<br />Instant<br /><span class=""wowhead-tooltip-requirements"">Requires level 60</span><br /></td></tr></table><table><tr><td><div class=""q"">Poisons target for 7 Nature damage every 2 sec for 30 sec.</div></td></tr></table>",-1,1,0,,0,0,0,0,0,0,0,0,0,0,0,0,0,0,0,0,0,0,0,0,0,0,0,0,0,0,0,0,0,0
25349,Deadly Poison V Effect,ability_rogue_dualweild,"<a class=""whtt-name"" href=""/classic/spell=25349/deadly-poison-v""><b class=""whtt-name"">Deadly Poison V</b></a><br />100 yd range<br />Instant<div class=""wowhead-tooltip-requirements"">Requires Rogue</div><span class=""wowhead-tooltip-requirements"">Requires level 60</span><br />",-1,1,0,,0,0,0,0,0,0,0,0,0,0,0,0,0,0,0,0,0,0,0,0,0,0,0,0,0,0,0,0,0,1
12654,Ignite,spell_fire_incinerate,"<a class=""whtt-name"" href=""/classic/spell=12654/ignite""><b class=""whtt-name"">Ignite</b></a><br />Unlimited range<br />Instant<div class=""wowhead-tooltip-requirements"">Requires Mage</div><span class=""wowhead-tooltip-requirements"">Requires level 1</span><br />",-1,0,0,,0,0,0,0,0,0,0,0,0,0,0,0,0,0,0,0,0,0,0,0,0,0,0,0,0,0,0,0,0,1
12868,Deep Wounds,ability_backstab,"<a class=""whtt-name"" href=""/classic/spell=12868/deep-wounds""><b class=""whtt-name"">Deep Wounds</b></a><br />Unlimited range<br />Instant<br /><span class=""wowhead-tooltip-requirements"">Requires level 1</span><br />",-1,1,0,,0,0,0,0,0,0,0,0,0,0,0,0,0,0,0,0,0,0,0,0,0,0,0,0,0,0,0,0,0,0
20303,Judgement of the Crusader,spell_holy_holysmite,0,-1,0,0,,0,0,0,0,0,0,0,0,0,0,0,0,140,1,0,0,0,0,0,0,0,0,0,0,0,0,0,0,0,0
20335,Judgement of Wisdom,spell_holy_righteousnessaura,0,-1,0,20353,ALL,10,0,0,0,0,0,0,0,0,0,0,0,0,0,0,0,0,0,0,0,0,0,0,0,0,0,0,0,0,0
20346,Judgement of Light,spell_holy_healingaura,0,-1,0,20343,ALL,10,0,0,0,0,0,0,0,0,0,0,0,0,0,0,0,0,0,0,0,0,0,0,0,0,0,0,0,0,0
6788,Weakened Soul,spell_holy_ashestoashes,,-1,0,0,,0,0,0,0,0,0,0,0,0,0,0,0,0,0,0,0,0,0,0,0,0,0,0,0,0,0,0,0,0,0
25771,Forbearance,spell_holy_removecurse,,-1,0,0,,0,0,0,0,0,0,0,0,0,0,0,0,0,0,0,0,0,0,0,0,0,0,0,0,0,0,0,0,0,0
